,Datetime,Temperature
0,2023-08-07 02:19:47.277327,22
1,2023-08-07 02:34:47.277327,45
2,2023-08-07 02:49:47.277327,42
3,2023-08-07 03:04:47.277327,20
4,2023-08-07 03:19:47.277327,45
5,2023-08-07 03:34:47.277327,28
6,2023-08-07 03:49:47.277327,41
7,2023-08-07 04:04:47.277327,27
8,2023-08-07 04:19:47.277327,23
9,2023-08-07 04:34:47.277327,22
10,2023-08-07 04:49:47.277327,33
11,2023-08-07 05:04:47.277327,40
12,2023-08-07 05:19:47.277327,33
13,2023-08-07 05:34:47.277327,31
14,2023-08-07 05:49:47.277327,36
15,2023-08-07 06:04:47.277327,24
16,2023-08-07 06:19:47.277327,28
17,2023-08-07 06:34:47.277327,33
18,2023-08-07 06:49:47.277327,32
19,2023-08-07 07:04:47.277327,22
20,2023-08-07 07:19:47.277327,41
21,2023-08-07 07:34:47.277327,30
22,2023-08-07 07:49:47.277327,45
23,2023-08-07 08:04:47.277327,25
24,2023-08-07 08:19:47.277327,22
25,2023-08-07 08:34:47.277327,33
26,2023-08-07 08:49:47.277327,28
27,2023-08-07 09:04:47.277327,29
28,2023-08-07 09:19:47.277327,34
29,2023-08-07 09:34:47.277327,22
30,2023-08-07 09:49:47.277327,20
31,2023-08-07 10:04:47.277327,41
32,2023-08-07 10:19:47.277327,32
33,2023-08-07 10:34:47.277327,33
34,2023-08-07 10:49:47.277327,39
35,2023-08-07 11:04:47.277327,28
36,2023-08-07 11:19:47.277327,35
37,2023-08-07 11:34:47.277327,38
38,2023-08-07 11:49:47.277327,40
39,2023-08-07 12:04:47.277327,32
40,2023-08-07 12:19:47.277327,23
41,2023-08-07 12:34:47.277327,32
42,2023-08-07 12:49:47.277327,29
43,2023-08-07 13:04:47.277327,43
44,2023-08-07 13:19:47.277327,45
45,2023-08-07 13:34:47.277327,40
46,2023-08-07 13:49:47.277327,23
47,2023-08-07 14:04:47.277327,40
48,2023-08-07 14:19:47.277327,44
49,2023-08-07 14:34:47.277327,36
50,2023-08-07 14:49:47.277327,28
51,2023-08-07 15:04:47.277327,36
52,2023-08-07 15:19:47.277327,40
53,2023-08-07 15:34:47.277327,45
54,2023-08-07 15:49:47.277327,43
55,2023-08-07 16:04:47.277327,44
56,2023-08-07 16:19:47.277327,21
57,2023-08-07 16:34:47.277327,42
58,2023-08-07 16:49:47.277327,21
59,2023-08-07 17:04:47.277327,29
60,2023-08-07 17:19:47.277327,24
61,2023-08-07 17:34:47.277327,27
62,2023-08-07 17:49:47.277327,30
63,2023-08-07 18:04:47.277327,29
64,2023-08-07 18:19:47.277327,35
65,2023-08-07 18:34:47.277327,30
66,2023-08-07 18:49:47.277327,41
67,2023-08-07 19:04:47.277327,34
68,2023-08-07 19:19:47.277327,25
69,2023-08-07 19:34:47.277327,31
70,2023-08-07 19:49:47.277327,40
71,2023-08-07 20:04:47.277327,38
72,2023-08-07 20:19:47.277327,27
73,2023-08-07 20:34:47.277327,31
74,2023-08-07 20:49:47.277327,43
75,2023-08-07 21:04:47.277327,22
76,2023-08-07 21:19:47.277327,38
77,2023-08-07 21:34:47.277327,42
78,2023-08-07 21:49:47.277327,31
79,2023-08-07 22:04:47.277327,41
80,2023-08-07 22:19:47.277327,26
81,2023-08-07 22:34:47.277327,24
82,2023-08-07 22:49:47.277327,43
83,2023-08-07 23:04:47.277327,43
84,2023-08-07 23:19:47.277327,20
85,2023-08-07 23:34:47.277327,42
86,2023-08-07 23:49:47.277327,20
87,2023-08-08 00:04:47.277327,21
88,2023-08-08 00:19:47.277327,34
89,2023-08-08 00:34:47.277327,22
90,2023-08-08 00:49:47.277327,31
91,2023-08-08 01:04:47.277327,31
92,2023-08-08 01:19:47.277327,45
93,2023-08-08 01:34:47.277327,26
94,2023-08-08 01:49:47.277327,28
95,2023-08-08 02:04:47.277327,29
96,2023-08-08 02:19:47.277327,28
97,2023-08-08 02:34:47.277327,21
98,2023-08-08 02:49:47.277327,37
99,2023-08-08 03:04:47.277327,24
100,2023-08-08 03:19:47.277327,27
101,2023-08-08 03:34:47.277327,33
102,2023-08-08 03:49:47.277327,34
103,2023-08-08 04:04:47.277327,33
104,2023-08-08 04:19:47.277327,27
105,2023-08-08 04:34:47.277327,43
106,2023-08-08 04:49:47.277327,38
107,2023-08-08 05:04:47.277327,36
108,2023-08-08 05:19:47.277327,31
109,2023-08-08 05:34:47.277327,33
110,2023-08-08 05:49:47.277327,36
111,2023-08-08 06:04:47.277327,23
112,2023-08-08 06:19:47.277327,33
113,2023-08-08 06:34:47.277327,37
114,2023-08-08 06:49:47.277327,41
115,2023-08-08 07:04:47.277327,25
116,2023-08-08 07:19:47.277327,39
117,2023-08-08 07:34:47.277327,41
118,2023-08-08 07:49:47.277327,41
119,2023-08-08 08:04:47.277327,20
120,2023-08-08 08:19:47.277327,26
121,2023-08-08 08:34:47.277327,41
122,2023-08-08 08:49:47.277327,39
123,2023-08-08 09:04:47.277327,36
124,2023-08-08 09:19:47.277327,36
125,2023-08-08 09:34:47.277327,36
126,2023-08-08 09:49:47.277327,21
127,2023-08-08 10:04:47.277327,24
128,2023-08-08 10:19:47.277327,31
129,2023-08-08 10:34:47.277327,43
130,2023-08-08 10:49:47.277327,25
131,2023-08-08 11:04:47.277327,20
132,2023-08-08 11:19:47.277327,30
133,2023-08-08 11:34:47.277327,37
134,2023-08-08 11:49:47.277327,32
135,2023-08-08 12:04:47.277327,21
136,2023-08-08 12:19:47.277327,31
137,2023-08-08 12:34:47.277327,38
138,2023-08-08 12:49:47.277327,29
139,2023-08-08 13:04:47.277327,32
140,2023-08-08 13:19:47.277327,35
141,2023-08-08 13:34:47.277327,30
142,2023-08-08 13:49:47.277327,45
143,2023-08-08 14:04:47.277327,37
144,2023-08-08 14:19:47.277327,39
145,2023-08-08 14:34:47.277327,38
146,2023-08-08 14:49:47.277327,32
147,2023-08-08 15:04:47.277327,39
148,2023-08-08 15:19:47.277327,22
149,2023-08-08 15:34:47.277327,25
150,2023-08-08 15:49:47.277327,28
151,2023-08-08 16:04:47.277327,38
152,2023-08-08 16:19:47.277327,25
153,2023-08-08 16:34:47.277327,20
154,2023-08-08 16:49:47.277327,24
155,2023-08-08 17:04:47.277327,45
156,2023-08-08 17:19:47.277327,33
157,2023-08-08 17:34:47.277327,21
158,2023-08-08 17:49:47.277327,38
159,2023-08-08 18:04:47.277327,29
160,2023-08-08 18:19:47.277327,43
161,2023-08-08 18:34:47.277327,31
162,2023-08-08 18:49:47.277327,20
163,2023-08-08 19:04:47.277327,36
164,2023-08-08 19:19:47.277327,35
165,2023-08-08 19:34:47.277327,24
166,2023-08-08 19:49:47.277327,28
167,2023-08-08 20:04:47.277327,28
168,2023-08-08 20:19:47.277327,27
169,2023-08-08 20:34:47.277327,34
170,2023-08-08 20:49:47.277327,27
171,2023-08-08 21:04:47.277327,42
172,2023-08-08 21:19:47.277327,45
173,2023-08-08 21:34:47.277327,40
174,2023-08-08 21:49:47.277327,25
175,2023-08-08 22:04:47.277327,32
176,2023-08-08 22:19:47.277327,22
177,2023-08-08 22:34:47.277327,25
178,2023-08-08 22:49:47.277327,29
179,2023-08-08 23:04:47.277327,41
180,2023-08-08 23:19:47.277327,24
181,2023-08-08 23:34:47.277327,32
182,2023-08-08 23:49:47.277327,40
183,2023-08-09 00:04:47.277327,23
184,2023-08-09 00:19:47.277327,45
185,2023-08-09 00:34:47.277327,32
186,2023-08-09 00:49:47.277327,44
187,2023-08-09 01:04:47.277327,44
188,2023-08-09 01:19:47.277327,24
189,2023-08-09 01:34:47.277327,39
190,2023-08-09 01:49:47.277327,20
191,2023-08-09 02:04:47.277327,32
192,2023-08-09 02:19:47.277327,27
193,2023-08-09 02:34:47.277327,21
194,2023-08-09 02:49:47.277327,38
195,2023-08-09 03:04:47.277327,43
196,2023-08-09 03:19:47.277327,27
197,2023-08-09 03:34:47.277327,26
198,2023-08-09 03:49:47.277327,20
199,2023-08-09 04:04:47.277327,38
200,2023-08-09 04:19:47.277327,34
201,2023-08-09 04:34:47.277327,27
202,2023-08-09 04:49:47.277327,42
203,2023-08-09 05:04:47.277327,26
204,2023-08-09 05:19:47.277327,39
205,2023-08-09 05:34:47.277327,32
206,2023-08-09 05:49:47.277327,25
207,2023-08-09 06:04:47.277327,25
208,2023-08-09 06:19:47.277327,45
209,2023-08-09 06:34:47.277327,37
210,2023-08-09 06:49:47.277327,38
211,2023-08-09 07:04:47.277327,25
212,2023-08-09 07:19:47.277327,20
213,2023-08-09 07:34:47.277327,33
214,2023-08-09 07:49:47.277327,31
215,2023-08-09 08:04:47.277327,36
216,2023-08-09 08:19:47.277327,24
217,2023-08-09 08:34:47.277327,25
218,2023-08-09 08:49:47.277327,32
219,2023-08-09 09:04:47.277327,31
220,2023-08-09 09:19:47.277327,32
221,2023-08-09 09:34:47.277327,38
222,2023-08-09 09:49:47.277327,20
223,2023-08-09 10:04:47.277327,33
224,2023-08-09 10:19:47.277327,41
225,2023-08-09 10:34:47.277327,40
226,2023-08-09 10:49:47.277327,43
227,2023-08-09 11:04:47.277327,32
228,2023-08-09 11:19:47.277327,25
229,2023-08-09 11:34:47.277327,37
230,2023-08-09 11:49:47.277327,33
231,2023-08-09 12:04:47.277327,32
232,2023-08-09 12:19:47.277327,28
233,2023-08-09 12:34:47.277327,45
234,2023-08-09 12:49:47.277327,24
235,2023-08-09 13:04:47.277327,34
236,2023-08-09 13:19:47.277327,26
237,2023-08-09 13:34:47.277327,40
238,2023-08-09 13:49:47.277327,37
239,2023-08-09 14:04:47.277327,25
240,2023-08-09 14:19:47.277327,34
241,2023-08-09 14:34:47.277327,42
242,2023-08-09 14:49:47.277327,43
243,2023-08-09 15:04:47.277327,23
244,2023-08-09 15:19:47.277327,36
245,2023-08-09 15:34:47.277327,26
246,2023-08-09 15:49:47.277327,29
247,2023-08-09 16:04:47.277327,44
248,2023-08-09 16:19:47.277327,38
249,2023-08-09 16:34:47.277327,31
250,2023-08-09 16:49:47.277327,38
251,2023-08-09 17:04:47.277327,27
252,2023-08-09 17:19:47.277327,24
253,2023-08-09 17:34:47.277327,25
254,2023-08-09 17:49:47.277327,28
255,2023-08-09 18:04:47.277327,40
256,2023-08-09 18:19:47.277327,45
257,2023-08-09 18:34:47.277327,42
258,2023-08-09 18:49:47.277327,27
259,2023-08-09 19:04:47.277327,39
260,2023-08-09 19:19:47.277327,25
261,2023-08-09 19:34:47.277327,26
262,2023-08-09 19:49:47.277327,21
263,2023-08-09 20:04:47.277327,24
264,2023-08-09 20:19:47.277327,26
265,2023-08-09 20:34:47.277327,40
266,2023-08-09 20:49:47.277327,40
267,2023-08-09 21:04:47.277327,33
268,2023-08-09 21:19:47.277327,24
269,2023-08-09 21:34:47.277327,32
270,2023-08-09 21:49:47.277327,39
271,2023-08-09 22:04:47.277327,30
272,2023-08-09 22:19:47.277327,43
273,2023-08-09 22:34:47.277327,36
274,2023-08-09 22:49:47.277327,40
275,2023-08-09 23:04:47.277327,45
276,2023-08-09 23:19:47.277327,22
277,2023-08-09 23:34:47.277327,23
278,2023-08-09 23:49:47.277327,21
279,2023-08-10 00:04:47.277327,32
280,2023-08-10 00:19:47.277327,39
281,2023-08-10 00:34:47.277327,30
282,2023-08-10 00:49:47.277327,35
283,2023-08-10 01:04:47.277327,40
284,2023-08-10 01:19:47.277327,35
285,2023-08-10 01:34:47.277327,27
286,2023-08-10 01:49:47.277327,23
287,2023-08-10 02:04:47.277327,26
288,2023-08-10 02:19:47.277327,40
289,2023-08-10 02:34:47.277327,21
290,2023-08-10 02:49:47.277327,21
291,2023-08-10 03:04:47.277327,40
292,2023-08-10 03:19:47.277327,24
293,2023-08-10 03:34:47.277327,34
294,2023-08-10 03:49:47.277327,24
295,2023-08-10 04:04:47.277327,31
296,2023-08-10 04:19:47.277327,20
297,2023-08-10 04:34:47.277327,25
298,2023-08-10 04:49:47.277327,29
299,2023-08-10 05:04:47.277327,35
300,2023-08-10 05:19:47.277327,30
301,2023-08-10 05:34:47.277327,45
302,2023-08-10 05:49:47.277327,31
303,2023-08-10 06:04:47.277327,21
304,2023-08-10 06:19:47.277327,27
305,2023-08-10 06:34:47.277327,21
306,2023-08-10 06:49:47.277327,26
307,2023-08-10 07:04:47.277327,33
308,2023-08-10 07:19:47.277327,31
309,2023-08-10 07:34:47.277327,31
310,2023-08-10 07:49:47.277327,21
311,2023-08-10 08:04:47.277327,42
312,2023-08-10 08:19:47.277327,37
313,2023-08-10 08:34:47.277327,42
314,2023-08-10 08:49:47.277327,43
315,2023-08-10 09:04:47.277327,20
316,2023-08-10 09:19:47.277327,29
317,2023-08-10 09:34:47.277327,37
318,2023-08-10 09:49:47.277327,32
319,2023-08-10 10:04:47.277327,26
320,2023-08-10 10:19:47.277327,23
321,2023-08-10 10:34:47.277327,36
322,2023-08-10 10:49:47.277327,41
323,2023-08-10 11:04:47.277327,30
324,2023-08-10 11:19:47.277327,28
325,2023-08-10 11:34:47.277327,32
326,2023-08-10 11:49:47.277327,21
327,2023-08-10 12:04:47.277327,31
328,2023-08-10 12:19:47.277327,37
329,2023-08-10 12:34:47.277327,45
330,2023-08-10 12:49:47.277327,38
331,2023-08-10 13:04:47.277327,37
332,2023-08-10 13:19:47.277327,39
333,2023-08-10 13:34:47.277327,42
334,2023-08-10 13:49:47.277327,39
335,2023-08-10 14:04:47.277327,38
336,2023-08-10 14:19:47.277327,28
337,2023-08-10 14:34:47.277327,22
338,2023-08-10 14:49:47.277327,28
339,2023-08-10 15:04:47.277327,25
340,2023-08-10 15:19:47.277327,26
341,2023-08-10 15:34:47.277327,37
342,2023-08-10 15:49:47.277327,40
343,2023-08-10 16:04:47.277327,23
344,2023-08-10 16:19:47.277327,23
345,2023-08-10 16:34:47.277327,32
346,2023-08-10 16:49:47.277327,23
347,2023-08-10 17:04:47.277327,21
348,2023-08-10 17:19:47.277327,45
349,2023-08-10 17:34:47.277327,37
350,2023-08-10 17:49:47.277327,38
351,2023-08-10 18:04:47.277327,34
352,2023-08-10 18:19:47.277327,27
353,2023-08-10 18:34:47.277327,25
354,2023-08-10 18:49:47.277327,42
355,2023-08-10 19:04:47.277327,22
356,2023-08-10 19:19:47.277327,34
357,2023-08-10 19:34:47.277327,39
358,2023-08-10 19:49:47.277327,43
359,2023-08-10 20:04:47.277327,36
360,2023-08-10 20:19:47.277327,22
361,2023-08-10 20:34:47.277327,20
362,2023-08-10 20:49:47.277327,34
363,2023-08-10 21:04:47.277327,37
364,2023-08-10 21:19:47.277327,22
365,2023-08-10 21:34:47.277327,26
366,2023-08-10 21:49:47.277327,23
367,2023-08-10 22:04:47.277327,42
368,2023-08-10 22:19:47.277327,32
369,2023-08-10 22:34:47.277327,31
370,2023-08-10 22:49:47.277327,34
371,2023-08-10 23:04:47.277327,25
372,2023-08-10 23:19:47.277327,30
373,2023-08-10 23:34:47.277327,25
374,2023-08-10 23:49:47.277327,32
375,2023-08-11 00:04:47.277327,43
376,2023-08-11 00:19:47.277327,22
377,2023-08-11 00:34:47.277327,20
378,2023-08-11 00:49:47.277327,35
379,2023-08-11 01:04:47.277327,32
380,2023-08-11 01:19:47.277327,39
381,2023-08-11 01:34:47.277327,33
382,2023-08-11 01:49:47.277327,26
383,2023-08-11 02:04:47.277327,42
384,2023-08-11 02:19:47.277327,35
385,2023-08-11 02:34:47.277327,23
386,2023-08-11 02:49:47.277327,30
387,2023-08-11 03:04:47.277327,41
388,2023-08-11 03:19:47.277327,33
389,2023-08-11 03:34:47.277327,31
390,2023-08-11 03:49:47.277327,24
391,2023-08-11 04:04:47.277327,26
392,2023-08-11 04:19:47.277327,29
393,2023-08-11 04:34:47.277327,45
394,2023-08-11 04:49:47.277327,29
395,2023-08-11 05:04:47.277327,42
396,2023-08-11 05:19:47.277327,36
397,2023-08-11 05:34:47.277327,24
398,2023-08-11 05:49:47.277327,34
399,2023-08-11 06:04:47.277327,27
400,2023-08-11 06:19:47.277327,44
401,2023-08-11 06:34:47.277327,39
402,2023-08-11 06:49:47.277327,31
403,2023-08-11 07:04:47.277327,22
404,2023-08-11 07:19:47.277327,28
405,2023-08-11 07:34:47.277327,28
406,2023-08-11 07:49:47.277327,27
407,2023-08-11 08:04:47.277327,34
408,2023-08-11 08:19:47.277327,27
409,2023-08-11 08:34:47.277327,45
410,2023-08-11 08:49:47.277327,27
411,2023-08-11 09:04:47.277327,35
412,2023-08-11 09:19:47.277327,33
413,2023-08-11 09:34:47.277327,38
414,2023-08-11 09:49:47.277327,27
415,2023-08-11 10:04:47.277327,34
416,2023-08-11 10:19:47.277327,27
417,2023-08-11 10:34:47.277327,33
418,2023-08-11 10:49:47.277327,22
419,2023-08-11 11:04:47.277327,30
420,2023-08-11 11:19:47.277327,35
421,2023-08-11 11:34:47.277327,23
422,2023-08-11 11:49:47.277327,43
423,2023-08-11 12:04:47.277327,44
424,2023-08-11 12:19:47.277327,25
425,2023-08-11 12:34:47.277327,25
426,2023-08-11 12:49:47.277327,36
427,2023-08-11 13:04:47.277327,42
428,2023-08-11 13:19:47.277327,24
429,2023-08-11 13:34:47.277327,27
430,2023-08-11 13:49:47.277327,29
431,2023-08-11 14:04:47.277327,23
432,2023-08-11 14:19:47.277327,41
433,2023-08-11 14:34:47.277327,33
434,2023-08-11 14:49:47.277327,36
435,2023-08-11 15:04:47.277327,31
436,2023-08-11 15:19:47.277327,33
437,2023-08-11 15:34:47.277327,36
438,2023-08-11 15:49:47.277327,28
439,2023-08-11 16:04:47.277327,21
440,2023-08-11 16:19:47.277327,43
441,2023-08-11 16:34:47.277327,21
442,2023-08-11 16:49:47.277327,25
443,2023-08-11 17:04:47.277327,31
444,2023-08-11 17:19:47.277327,21
445,2023-08-11 17:34:47.277327,23
446,2023-08-11 17:49:47.277327,23
447,2023-08-11 18:04:47.277327,43
448,2023-08-11 18:19:47.277327,36
449,2023-08-11 18:34:47.277327,42
450,2023-08-11 18:49:47.277327,42
451,2023-08-11 19:04:47.277327,30
452,2023-08-11 19:19:47.277327,45
453,2023-08-11 19:34:47.277327,20
454,2023-08-11 19:49:47.277327,26
455,2023-08-11 20:04:47.277327,45
456,2023-08-11 20:19:47.277327,35
457,2023-08-11 20:34:47.277327,43
458,2023-08-11 20:49:47.277327,39
459,2023-08-11 21:04:47.277327,34
460,2023-08-11 21:19:47.277327,28
461,2023-08-11 21:34:47.277327,23
462,2023-08-11 21:49:47.277327,42
463,2023-08-11 22:04:47.277327,41
464,2023-08-11 22:19:47.277327,33
465,2023-08-11 22:34:47.277327,40
466,2023-08-11 22:49:47.277327,43
467,2023-08-11 23:04:47.277327,42
468,2023-08-11 23:19:47.277327,24
469,2023-08-11 23:34:47.277327,26
470,2023-08-11 23:49:47.277327,35
471,2023-08-12 00:04:47.277327,34
472,2023-08-12 00:19:47.277327,36
473,2023-08-12 00:34:47.277327,34
474,2023-08-12 00:49:47.277327,34
475,2023-08-12 01:04:47.277327,42
476,2023-08-12 01:19:47.277327,44
477,2023-08-12 01:34:47.277327,43
478,2023-08-12 01:49:47.277327,30
479,2023-08-12 02:04:47.277327,34
480,2023-08-12 02:19:47.277327,42
481,2023-08-12 02:34:47.277327,36
482,2023-08-12 02:49:47.277327,26
483,2023-08-12 03:04:47.277327,36
484,2023-08-12 03:19:47.277327,44
485,2023-08-12 03:34:47.277327,24
486,2023-08-12 03:49:47.277327,37
487,2023-08-12 04:04:47.277327,34
488,2023-08-12 04:19:47.277327,26
489,2023-08-12 04:34:47.277327,42
490,2023-08-12 04:49:47.277327,39
491,2023-08-12 05:04:47.277327,45
492,2023-08-12 05:19:47.277327,24
493,2023-08-12 05:34:47.277327,42
494,2023-08-12 05:49:47.277327,20
495,2023-08-12 06:04:47.277327,25
496,2023-08-12 06:19:47.277327,40
497,2023-08-12 06:34:47.277327,33
498,2023-08-12 06:49:47.277327,32
499,2023-08-12 07:04:47.277327,39
500,2023-08-12 07:19:47.277327,33
501,2023-08-12 07:34:47.277327,36
502,2023-08-12 07:49:47.277327,26
503,2023-08-12 08:04:47.277327,37
504,2023-08-12 08:19:47.277327,27
505,2023-08-12 08:34:47.277327,29
506,2023-08-12 08:49:47.277327,31
507,2023-08-12 09:04:47.277327,32
508,2023-08-12 09:19:47.277327,23
509,2023-08-12 09:34:47.277327,23
510,2023-08-12 09:49:47.277327,36
511,2023-08-12 10:04:47.277327,25
512,2023-08-12 10:19:47.277327,36
513,2023-08-12 10:34:47.277327,43
514,2023-08-12 10:49:47.277327,41
515,2023-08-12 11:04:47.277327,39
516,2023-08-12 11:19:47.277327,39
517,2023-08-12 11:34:47.277327,23
518,2023-08-12 11:49:47.277327,26
519,2023-08-12 12:04:47.277327,37
520,2023-08-12 12:19:47.277327,24
521,2023-08-12 12:34:47.277327,40
522,2023-08-12 12:49:47.277327,40
523,2023-08-12 13:04:47.277327,42
524,2023-08-12 13:19:47.277327,34
525,2023-08-12 13:34:47.277327,34
526,2023-08-12 13:49:47.277327,36
527,2023-08-12 14:04:47.277327,30
528,2023-08-12 14:19:47.277327,30
529,2023-08-12 14:34:47.277327,38
530,2023-08-12 14:49:47.277327,45
531,2023-08-12 15:04:47.277327,21
532,2023-08-12 15:19:47.277327,40
533,2023-08-12 15:34:47.277327,32
534,2023-08-12 15:49:47.277327,38
535,2023-08-12 16:04:47.277327,43
536,2023-08-12 16:19:47.277327,23
537,2023-08-12 16:34:47.277327,26
538,2023-08-12 16:49:47.277327,45
539,2023-08-12 17:04:47.277327,40
540,2023-08-12 17:19:47.277327,22
541,2023-08-12 17:34:47.277327,38
542,2023-08-12 17:49:47.277327,41
543,2023-08-12 18:04:47.277327,40
544,2023-08-12 18:19:47.277327,27
545,2023-08-12 18:34:47.277327,31
546,2023-08-12 18:49:47.277327,36
547,2023-08-12 19:04:47.277327,38
548,2023-08-12 19:19:47.277327,36
549,2023-08-12 19:34:47.277327,21
550,2023-08-12 19:49:47.277327,45
551,2023-08-12 20:04:47.277327,45
552,2023-08-12 20:19:47.277327,26
553,2023-08-12 20:34:47.277327,20
554,2023-08-12 20:49:47.277327,39
555,2023-08-12 21:04:47.277327,37
556,2023-08-12 21:19:47.277327,41
557,2023-08-12 21:34:47.277327,20
558,2023-08-12 21:49:47.277327,42
559,2023-08-12 22:04:47.277327,42
560,2023-08-12 22:19:47.277327,34
561,2023-08-12 22:34:47.277327,23
562,2023-08-12 22:49:47.277327,40
563,2023-08-12 23:04:47.277327,34
564,2023-08-12 23:19:47.277327,31
565,2023-08-12 23:34:47.277327,25
566,2023-08-12 23:49:47.277327,33
567,2023-08-13 00:04:47.277327,41
568,2023-08-13 00:19:47.277327,35
569,2023-08-13 00:34:47.277327,44
570,2023-08-13 00:49:47.277327,41
571,2023-08-13 01:04:47.277327,34
572,2023-08-13 01:19:47.277327,44
573,2023-08-13 01:34:47.277327,34
574,2023-08-13 01:49:47.277327,33
575,2023-08-13 02:04:47.277327,25
576,2023-08-13 02:19:47.277327,31
577,2023-08-13 02:34:47.277327,22
578,2023-08-13 02:49:47.277327,44
579,2023-08-13 03:04:47.277327,30
580,2023-08-13 03:19:47.277327,31
581,2023-08-13 03:34:47.277327,44
582,2023-08-13 03:49:47.277327,29
583,2023-08-13 04:04:47.277327,45
584,2023-08-13 04:19:47.277327,33
585,2023-08-13 04:34:47.277327,34
586,2023-08-13 04:49:47.277327,25
587,2023-08-13 05:04:47.277327,32
588,2023-08-13 05:19:47.277327,38
589,2023-08-13 05:34:47.277327,44
590,2023-08-13 05:49:47.277327,25
591,2023-08-13 06:04:47.277327,43
592,2023-08-13 06:19:47.277327,31
593,2023-08-13 06:34:47.277327,42
594,2023-08-13 06:49:47.277327,39
595,2023-08-13 07:04:47.277327,24
596,2023-08-13 07:19:47.277327,22
597,2023-08-13 07:34:47.277327,42
598,2023-08-13 07:49:47.277327,41
599,2023-08-13 08:04:47.277327,24
600,2023-08-13 08:19:47.277327,25
601,2023-08-13 08:34:47.277327,42
602,2023-08-13 08:49:47.277327,20
603,2023-08-13 09:04:47.277327,38
604,2023-08-13 09:19:47.277327,25
605,2023-08-13 09:34:47.277327,27
606,2023-08-13 09:49:47.277327,37
607,2023-08-13 10:04:47.277327,33
608,2023-08-13 10:19:47.277327,40
609,2023-08-13 10:34:47.277327,40
610,2023-08-13 10:49:47.277327,35
611,2023-08-13 11:04:47.277327,28
612,2023-08-13 11:19:47.277327,38
613,2023-08-13 11:34:47.277327,32
614,2023-08-13 11:49:47.277327,35
615,2023-08-13 12:04:47.277327,28
616,2023-08-13 12:19:47.277327,42
617,2023-08-13 12:34:47.277327,22
618,2023-08-13 12:49:47.277327,44
619,2023-08-13 13:04:47.277327,37
620,2023-08-13 13:19:47.277327,30
621,2023-08-13 13:34:47.277327,36
622,2023-08-13 13:49:47.277327,36
623,2023-08-13 14:04:47.277327,33
624,2023-08-13 14:19:47.277327,23
625,2023-08-13 14:34:47.277327,41
626,2023-08-13 14:49:47.277327,37
627,2023-08-13 15:04:47.277327,26
628,2023-08-13 15:19:47.277327,31
629,2023-08-13 15:34:47.277327,31
630,2023-08-13 15:49:47.277327,24
631,2023-08-13 16:04:47.277327,38
632,2023-08-13 16:19:47.277327,44
633,2023-08-13 16:34:47.277327,25
634,2023-08-13 16:49:47.277327,26
635,2023-08-13 17:04:47.277327,35
636,2023-08-13 17:19:47.277327,22
637,2023-08-13 17:34:47.277327,38
638,2023-08-13 17:49:47.277327,36
639,2023-08-13 18:04:47.277327,29
640,2023-08-13 18:19:47.277327,34
641,2023-08-13 18:34:47.277327,31
642,2023-08-13 18:49:47.277327,38
643,2023-08-13 19:04:47.277327,43
644,2023-08-13 19:19:47.277327,41
645,2023-08-13 19:34:47.277327,25
646,2023-08-13 19:49:47.277327,37
647,2023-08-13 20:04:47.277327,36
648,2023-08-13 20:19:47.277327,42
649,2023-08-13 20:34:47.277327,22
650,2023-08-13 20:49:47.277327,44
651,2023-08-13 21:04:47.277327,24
652,2023-08-13 21:19:47.277327,29
653,2023-08-13 21:34:47.277327,44
654,2023-08-13 21:49:47.277327,32
655,2023-08-13 22:04:47.277327,31
656,2023-08-13 22:19:47.277327,34
657,2023-08-13 22:34:47.277327,29
658,2023-08-13 22:49:47.277327,30
659,2023-08-13 23:04:47.277327,42
660,2023-08-13 23:19:47.277327,37
661,2023-08-13 23:34:47.277327,22
662,2023-08-13 23:49:47.277327,21
663,2023-08-14 00:04:47.277327,26
664,2023-08-14 00:19:47.277327,35
665,2023-08-14 00:34:47.277327,38
666,2023-08-14 00:49:47.277327,30
667,2023-08-14 01:04:47.277327,38
668,2023-08-14 01:19:47.277327,29
669,2023-08-14 01:34:47.277327,20
670,2023-08-14 01:49:47.277327,24
671,2023-08-14 02:04:47.277327,44
672,2023-08-14 02:19:47.277327,30
673,2023-08-14 02:34:47.277327,31
674,2023-08-14 02:49:47.277327,25
675,2023-08-14 03:04:47.277327,34
676,2023-08-14 03:19:47.277327,40
677,2023-08-14 03:34:47.277327,36
678,2023-08-14 03:49:47.277327,39
679,2023-08-14 04:04:47.277327,32
680,2023-08-14 04:19:47.277327,24
681,2023-08-14 04:34:47.277327,28
682,2023-08-14 04:49:47.277327,32
683,2023-08-14 05:04:47.277327,43
684,2023-08-14 05:19:47.277327,27
685,2023-08-14 05:34:47.277327,29
686,2023-08-14 05:49:47.277327,41
687,2023-08-14 06:04:47.277327,27
688,2023-08-14 06:19:47.277327,21
689,2023-08-14 06:34:47.277327,39
690,2023-08-14 06:49:47.277327,33
691,2023-08-14 07:04:47.277327,25
692,2023-08-14 07:19:47.277327,39
693,2023-08-14 07:34:47.277327,37
694,2023-08-14 07:49:47.277327,40
695,2023-08-14 08:04:47.277327,32
696,2023-08-14 08:19:47.277327,33
697,2023-08-14 08:34:47.277327,34
698,2023-08-14 08:49:47.277327,31
699,2023-08-14 09:04:47.277327,40
700,2023-08-14 09:19:47.277327,30
701,2023-08-14 09:34:47.277327,22
702,2023-08-14 09:49:47.277327,41
703,2023-08-14 10:04:47.277327,21
704,2023-08-14 10:19:47.277327,22
705,2023-08-14 10:34:47.277327,43
706,2023-08-14 10:49:47.277327,31
707,2023-08-14 11:04:47.277327,38
708,2023-08-14 11:19:47.277327,33
709,2023-08-14 11:34:47.277327,34
710,2023-08-14 11:49:47.277327,27
711,2023-08-14 12:04:47.277327,28
712,2023-08-14 12:19:47.277327,41
713,2023-08-14 12:34:47.277327,27
714,2023-08-14 12:49:47.277327,43
715,2023-08-14 13:04:47.277327,34
716,2023-08-14 13:19:47.277327,23
717,2023-08-14 13:34:47.277327,43
718,2023-08-14 13:49:47.277327,23
719,2023-08-14 14:04:47.277327,34
720,2023-08-14 14:19:47.277327,32
721,2023-08-14 14:34:47.277327,29
722,2023-08-14 14:49:47.277327,33
723,2023-08-14 15:04:47.277327,29
724,2023-08-14 15:19:47.277327,35
725,2023-08-14 15:34:47.277327,30
726,2023-08-14 15:49:47.277327,45
727,2023-08-14 16:04:47.277327,31
728,2023-08-14 16:19:47.277327,23
729,2023-08-14 16:34:47.277327,28
730,2023-08-14 16:49:47.277327,31
731,2023-08-14 17:04:47.277327,40
732,2023-08-14 17:19:47.277327,22
733,2023-08-14 17:34:47.277327,41
734,2023-08-14 17:49:47.277327,38
735,2023-08-14 18:04:47.277327,33
736,2023-08-14 18:19:47.277327,40
737,2023-08-14 18:34:47.277327,25
738,2023-08-14 18:49:47.277327,44
739,2023-08-14 19:04:47.277327,31
740,2023-08-14 19:19:47.277327,35
741,2023-08-14 19:34:47.277327,28
742,2023-08-14 19:49:47.277327,40
743,2023-08-14 20:04:47.277327,35
744,2023-08-14 20:19:47.277327,42
745,2023-08-14 20:34:47.277327,28
746,2023-08-14 20:49:47.277327,29
747,2023-08-14 21:04:47.277327,30
748,2023-08-14 21:19:47.277327,38
749,2023-08-14 21:34:47.277327,45
750,2023-08-14 21:49:47.277327,45
751,2023-08-14 22:04:47.277327,35
752,2023-08-14 22:19:47.277327,25
753,2023-08-14 22:34:47.277327,37
754,2023-08-14 22:49:47.277327,25
755,2023-08-14 23:04:47.277327,36
756,2023-08-14 23:19:47.277327,41
757,2023-08-14 23:34:47.277327,44
758,2023-08-14 23:49:47.277327,40
759,2023-08-15 00:04:47.277327,23
760,2023-08-15 00:19:47.277327,23
761,2023-08-15 00:34:47.277327,24
762,2023-08-15 00:49:47.277327,26
763,2023-08-15 01:04:47.277327,30
764,2023-08-15 01:19:47.277327,25
765,2023-08-15 01:34:47.277327,37
766,2023-08-15 01:49:47.277327,33
767,2023-08-15 02:04:47.277327,35
768,2023-08-15 02:19:47.277327,28
769,2023-08-15 02:34:47.277327,29
770,2023-08-15 02:49:47.277327,30
771,2023-08-15 03:04:47.277327,38
772,2023-08-15 03:19:47.277327,22
773,2023-08-15 03:34:47.277327,30
774,2023-08-15 03:49:47.277327,30
775,2023-08-15 04:04:47.277327,44
776,2023-08-15 04:19:47.277327,26
777,2023-08-15 04:34:47.277327,27
778,2023-08-15 04:49:47.277327,22
779,2023-08-15 05:04:47.277327,22
780,2023-08-15 05:19:47.277327,24
781,2023-08-15 05:34:47.277327,31
782,2023-08-15 05:49:47.277327,25
783,2023-08-15 06:04:47.277327,29
784,2023-08-15 06:19:47.277327,23
785,2023-08-15 06:34:47.277327,42
786,2023-08-15 06:49:47.277327,35
787,2023-08-15 07:04:47.277327,38
788,2023-08-15 07:19:47.277327,42
789,2023-08-15 07:34:47.277327,45
790,2023-08-15 07:49:47.277327,42
791,2023-08-15 08:04:47.277327,20
792,2023-08-15 08:19:47.277327,25
793,2023-08-15 08:34:47.277327,42
794,2023-08-15 08:49:47.277327,23
795,2023-08-15 09:04:47.277327,21
796,2023-08-15 09:19:47.277327,42
797,2023-08-15 09:34:47.277327,41
798,2023-08-15 09:49:47.277327,38
799,2023-08-15 10:04:47.277327,22
800,2023-08-15 10:19:47.277327,27
801,2023-08-15 10:34:47.277327,28
802,2023-08-15 10:49:47.277327,29
803,2023-08-15 11:04:47.277327,35
804,2023-08-15 11:19:47.277327,44
805,2023-08-15 11:34:47.277327,28
806,2023-08-15 11:49:47.277327,28
807,2023-08-15 12:04:47.277327,21
808,2023-08-15 12:19:47.277327,36
809,2023-08-15 12:34:47.277327,39
810,2023-08-15 12:49:47.277327,35
811,2023-08-15 13:04:47.277327,28
812,2023-08-15 13:19:47.277327,26
813,2023-08-15 13:34:47.277327,41
814,2023-08-15 13:49:47.277327,42
815,2023-08-15 14:04:47.277327,25
816,2023-08-15 14:19:47.277327,25
817,2023-08-15 14:34:47.277327,26
818,2023-08-15 14:49:47.277327,29
819,2023-08-15 15:04:47.277327,40
820,2023-08-15 15:19:47.277327,30
821,2023-08-15 15:34:47.277327,23
822,2023-08-15 15:49:47.277327,30
823,2023-08-15 16:04:47.277327,23
824,2023-08-15 16:19:47.277327,26
825,2023-08-15 16:34:47.277327,40
826,2023-08-15 16:49:47.277327,36
827,2023-08-15 17:04:47.277327,37
828,2023-08-15 17:19:47.277327,42
829,2023-08-15 17:34:47.277327,41
830,2023-08-15 17:49:47.277327,42
831,2023-08-15 18:04:47.277327,38
832,2023-08-15 18:19:47.277327,26
833,2023-08-15 18:34:47.277327,44
834,2023-08-15 18:49:47.277327,38
835,2023-08-15 19:04:47.277327,42
836,2023-08-15 19:19:47.277327,29
837,2023-08-15 19:34:47.277327,35
838,2023-08-15 19:49:47.277327,32
839,2023-08-15 20:04:47.277327,27
840,2023-08-15 20:19:47.277327,21
841,2023-08-15 20:34:47.277327,35
842,2023-08-15 20:49:47.277327,40
843,2023-08-15 21:04:47.277327,32
844,2023-08-15 21:19:47.277327,38
845,2023-08-15 21:34:47.277327,26
846,2023-08-15 21:49:47.277327,28
847,2023-08-15 22:04:47.277327,26
848,2023-08-15 22:19:47.277327,20
849,2023-08-15 22:34:47.277327,41
850,2023-08-15 22:49:47.277327,31
851,2023-08-15 23:04:47.277327,22
852,2023-08-15 23:19:47.277327,22
853,2023-08-15 23:34:47.277327,24
854,2023-08-15 23:49:47.277327,32
855,2023-08-16 00:04:47.277327,25
856,2023-08-16 00:19:47.277327,30
857,2023-08-16 00:34:47.277327,30
858,2023-08-16 00:49:47.277327,37
859,2023-08-16 01:04:47.277327,21
860,2023-08-16 01:19:47.277327,37
861,2023-08-16 01:34:47.277327,33
862,2023-08-16 01:49:47.277327,27
863,2023-08-16 02:04:47.277327,27
864,2023-08-16 02:19:47.277327,29
865,2023-08-16 02:34:47.277327,37
866,2023-08-16 02:49:47.277327,42
867,2023-08-16 03:04:47.277327,34
868,2023-08-16 03:19:47.277327,24
869,2023-08-16 03:34:47.277327,42
870,2023-08-16 03:49:47.277327,25
871,2023-08-16 04:04:47.277327,41
872,2023-08-16 04:19:47.277327,31
873,2023-08-16 04:34:47.277327,26
874,2023-08-16 04:49:47.277327,44
875,2023-08-16 05:04:47.277327,39
876,2023-08-16 05:19:47.277327,21
877,2023-08-16 05:34:47.277327,23
878,2023-08-16 05:49:47.277327,40
879,2023-08-16 06:04:47.277327,20
880,2023-08-16 06:19:47.277327,35
881,2023-08-16 06:34:47.277327,29
882,2023-08-16 06:49:47.277327,23
883,2023-08-16 07:04:47.277327,41
884,2023-08-16 07:19:47.277327,44
885,2023-08-16 07:34:47.277327,37
886,2023-08-16 07:49:47.277327,33
887,2023-08-16 08:04:47.277327,29
888,2023-08-16 08:19:47.277327,43
889,2023-08-16 08:34:47.277327,38
890,2023-08-16 08:49:47.277327,23
891,2023-08-16 09:04:47.277327,38
892,2023-08-16 09:19:47.277327,27
893,2023-08-16 09:34:47.277327,43
894,2023-08-16 09:49:47.277327,38
895,2023-08-16 10:04:47.277327,33
896,2023-08-16 10:19:47.277327,44
897,2023-08-16 10:34:47.277327,26
898,2023-08-16 10:49:47.277327,39
899,2023-08-16 11:04:47.277327,20
900,2023-08-16 11:19:47.277327,25
901,2023-08-16 11:34:47.277327,33
902,2023-08-16 11:49:47.277327,29
903,2023-08-16 12:04:47.277327,35
904,2023-08-16 12:19:47.277327,43
905,2023-08-16 12:34:47.277327,20
906,2023-08-16 12:49:47.277327,22
907,2023-08-16 13:04:47.277327,43
908,2023-08-16 13:19:47.277327,31
909,2023-08-16 13:34:47.277327,43
910,2023-08-16 13:49:47.277327,38
911,2023-08-16 14:04:47.277327,30
912,2023-08-16 14:19:47.277327,36
913,2023-08-16 14:34:47.277327,30
914,2023-08-16 14:49:47.277327,38
915,2023-08-16 15:04:47.277327,27
916,2023-08-16 15:19:47.277327,45
917,2023-08-16 15:34:47.277327,42
918,2023-08-16 15:49:47.277327,32
919,2023-08-16 16:04:47.277327,39
920,2023-08-16 16:19:47.277327,32
921,2023-08-16 16:34:47.277327,38
922,2023-08-16 16:49:47.277327,21
923,2023-08-16 17:04:47.277327,32
924,2023-08-16 17:19:47.277327,31
925,2023-08-16 17:34:47.277327,25
926,2023-08-16 17:49:47.277327,28
927,2023-08-16 18:04:47.277327,28
928,2023-08-16 18:19:47.277327,29
929,2023-08-16 18:34:47.277327,45
930,2023-08-16 18:49:47.277327,21
931,2023-08-16 19:04:47.277327,29
932,2023-08-16 19:19:47.277327,38
933,2023-08-16 19:34:47.277327,21
934,2023-08-16 19:49:47.277327,39
935,2023-08-16 20:04:47.277327,30
936,2023-08-16 20:19:47.277327,20
937,2023-08-16 20:34:47.277327,20
938,2023-08-16 20:49:47.277327,44
939,2023-08-16 21:04:47.277327,24
940,2023-08-16 21:19:47.277327,21
941,2023-08-16 21:34:47.277327,30
942,2023-08-16 21:49:47.277327,30
943,2023-08-16 22:04:47.277327,23
944,2023-08-16 22:19:47.277327,32
945,2023-08-16 22:34:47.277327,43
946,2023-08-16 22:49:47.277327,23
947,2023-08-16 23:04:47.277327,25
948,2023-08-16 23:19:47.277327,32
949,2023-08-16 23:34:47.277327,42
950,2023-08-16 23:49:47.277327,31
951,2023-08-17 00:04:47.277327,25
952,2023-08-17 00:19:47.277327,32
953,2023-08-17 00:34:47.277327,36
954,2023-08-17 00:49:47.277327,31
955,2023-08-17 01:04:47.277327,31
956,2023-08-17 01:19:47.277327,36
957,2023-08-17 01:34:47.277327,34
958,2023-08-17 01:49:47.277327,24
959,2023-08-17 02:04:47.277327,42
960,2023-08-17 02:19:47.277327,31
961,2023-08-17 02:34:47.277327,32
962,2023-08-17 02:49:47.277327,28
963,2023-08-17 03:04:47.277327,23
964,2023-08-17 03:19:47.277327,36
965,2023-08-17 03:34:47.277327,32
966,2023-08-17 03:49:47.277327,39
967,2023-08-17 04:04:47.277327,28
968,2023-08-17 04:19:47.277327,33
969,2023-08-17 04:34:47.277327,28
970,2023-08-17 04:49:47.277327,20
971,2023-08-17 05:04:47.277327,22
972,2023-08-17 05:19:47.277327,37
973,2023-08-17 05:34:47.277327,20
974,2023-08-17 05:49:47.277327,30
975,2023-08-17 06:04:47.277327,24
976,2023-08-17 06:19:47.277327,20
977,2023-08-17 06:34:47.277327,42
978,2023-08-17 06:49:47.277327,21
979,2023-08-17 07:04:47.277327,28
980,2023-08-17 07:19:47.277327,44
981,2023-08-17 07:34:47.277327,27
982,2023-08-17 07:49:47.277327,37
983,2023-08-17 08:04:47.277327,44
984,2023-08-17 08:19:47.277327,37
985,2023-08-17 08:34:47.277327,35
986,2023-08-17 08:49:47.277327,41
987,2023-08-17 09:04:47.277327,28
988,2023-08-17 09:19:47.277327,29
989,2023-08-17 09:34:47.277327,34
990,2023-08-17 09:49:47.277327,42
991,2023-08-17 10:04:47.277327,21
992,2023-08-17 10:19:47.277327,25
993,2023-08-17 10:34:47.277327,22
994,2023-08-17 10:49:47.277327,38
995,2023-08-17 11:04:47.277327,27
996,2023-08-17 11:19:47.277327,27
997,2023-08-17 11:34:47.277327,38
998,2023-08-17 11:49:47.277327,40
999,2023-08-17 12:04:47.277327,37
1000,2023-08-17 12:19:47.277327,37
1001,2023-08-17 12:34:47.277327,37
1002,2023-08-17 12:49:47.277327,21
1003,2023-08-17 13:04:47.277327,21
1004,2023-08-17 13:19:47.277327,44
1005,2023-08-17 13:34:47.277327,28
1006,2023-08-17 13:49:47.277327,22
1007,2023-08-17 14:04:47.277327,33
1008,2023-08-17 14:19:47.277327,30
1009,2023-08-17 14:34:47.277327,26
1010,2023-08-17 14:49:47.277327,38
1011,2023-08-17 15:04:47.277327,37
1012,2023-08-17 15:19:47.277327,29
1013,2023-08-17 15:34:47.277327,43
1014,2023-08-17 15:49:47.277327,25
1015,2023-08-17 16:04:47.277327,20
1016,2023-08-17 16:19:47.277327,38
1017,2023-08-17 16:34:47.277327,45
1018,2023-08-17 16:49:47.277327,41
1019,2023-08-17 17:04:47.277327,40
1020,2023-08-17 17:19:47.277327,26
1021,2023-08-17 17:34:47.277327,42
1022,2023-08-17 17:49:47.277327,28
1023,2023-08-17 18:04:47.277327,34
1024,2023-08-17 18:19:47.277327,26
1025,2023-08-17 18:34:47.277327,31
1026,2023-08-17 18:49:47.277327,24
1027,2023-08-17 19:04:47.277327,28
1028,2023-08-17 19:19:47.277327,28
1029,2023-08-17 19:34:47.277327,44
1030,2023-08-17 19:49:47.277327,28
1031,2023-08-17 20:04:47.277327,24
1032,2023-08-17 20:19:47.277327,28
1033,2023-08-17 20:34:47.277327,21
1034,2023-08-17 20:49:47.277327,40
1035,2023-08-17 21:04:47.277327,43
1036,2023-08-17 21:19:47.277327,34
1037,2023-08-17 21:34:47.277327,35
1038,2023-08-17 21:49:47.277327,41
1039,2023-08-17 22:04:47.277327,37
1040,2023-08-17 22:19:47.277327,37
1041,2023-08-17 22:34:47.277327,34
1042,2023-08-17 22:49:47.277327,39
1043,2023-08-17 23:04:47.277327,27
1044,2023-08-17 23:19:47.277327,36
1045,2023-08-17 23:34:47.277327,31
1046,2023-08-17 23:49:47.277327,34
1047,2023-08-18 00:04:47.277327,40
1048,2023-08-18 00:19:47.277327,40
1049,2023-08-18 00:34:47.277327,21
1050,2023-08-18 00:49:47.277327,22
1051,2023-08-18 01:04:47.277327,28
1052,2023-08-18 01:19:47.277327,44
1053,2023-08-18 01:34:47.277327,31
1054,2023-08-18 01:49:47.277327,38
1055,2023-08-18 02:04:47.277327,37
1056,2023-08-18 02:19:47.277327,25
1057,2023-08-18 02:34:47.277327,22
1058,2023-08-18 02:49:47.277327,42
1059,2023-08-18 03:04:47.277327,23
1060,2023-08-18 03:19:47.277327,34
1061,2023-08-18 03:34:47.277327,31
1062,2023-08-18 03:49:47.277327,42
1063,2023-08-18 04:04:47.277327,24
1064,2023-08-18 04:19:47.277327,32
1065,2023-08-18 04:34:47.277327,25
1066,2023-08-18 04:49:47.277327,29
1067,2023-08-18 05:04:47.277327,31
1068,2023-08-18 05:19:47.277327,37
1069,2023-08-18 05:34:47.277327,34
1070,2023-08-18 05:49:47.277327,31
1071,2023-08-18 06:04:47.277327,26
1072,2023-08-18 06:19:47.277327,25
1073,2023-08-18 06:34:47.277327,21
1074,2023-08-18 06:49:47.277327,26
1075,2023-08-18 07:04:47.277327,29
1076,2023-08-18 07:19:47.277327,43
1077,2023-08-18 07:34:47.277327,25
1078,2023-08-18 07:49:47.277327,34
1079,2023-08-18 08:04:47.277327,37
1080,2023-08-18 08:19:47.277327,23
1081,2023-08-18 08:34:47.277327,28
1082,2023-08-18 08:49:47.277327,29
1083,2023-08-18 09:04:47.277327,28
1084,2023-08-18 09:19:47.277327,36
1085,2023-08-18 09:34:47.277327,34
1086,2023-08-18 09:49:47.277327,44
1087,2023-08-18 10:04:47.277327,45
1088,2023-08-18 10:19:47.277327,36
1089,2023-08-18 10:34:47.277327,24
1090,2023-08-18 10:49:47.277327,24
1091,2023-08-18 11:04:47.277327,44
1092,2023-08-18 11:19:47.277327,24
1093,2023-08-18 11:34:47.277327,20
1094,2023-08-18 11:49:47.277327,30
1095,2023-08-18 12:04:47.277327,31
1096,2023-08-18 12:19:47.277327,31
1097,2023-08-18 12:34:47.277327,23
1098,2023-08-18 12:49:47.277327,31
1099,2023-08-18 13:04:47.277327,30
1100,2023-08-18 13:19:47.277327,28
1101,2023-08-18 13:34:47.277327,40
1102,2023-08-18 13:49:47.277327,30
1103,2023-08-18 14:04:47.277327,44
1104,2023-08-18 14:19:47.277327,28
1105,2023-08-18 14:34:47.277327,22
1106,2023-08-18 14:49:47.277327,24
1107,2023-08-18 15:04:47.277327,34
1108,2023-08-18 15:19:47.277327,27
1109,2023-08-18 15:34:47.277327,28
1110,2023-08-18 15:49:47.277327,37
1111,2023-08-18 16:04:47.277327,28
1112,2023-08-18 16:19:47.277327,34
1113,2023-08-18 16:34:47.277327,30
1114,2023-08-18 16:49:47.277327,43
1115,2023-08-18 17:04:47.277327,33
1116,2023-08-18 17:19:47.277327,22
1117,2023-08-18 17:34:47.277327,35
1118,2023-08-18 17:49:47.277327,21
1119,2023-08-18 18:04:47.277327,27
1120,2023-08-18 18:19:47.277327,27
1121,2023-08-18 18:34:47.277327,43
1122,2023-08-18 18:49:47.277327,20
1123,2023-08-18 19:04:47.277327,36
1124,2023-08-18 19:19:47.277327,38
1125,2023-08-18 19:34:47.277327,42
1126,2023-08-18 19:49:47.277327,32
1127,2023-08-18 20:04:47.277327,30
1128,2023-08-18 20:19:47.277327,28
1129,2023-08-18 20:34:47.277327,24
1130,2023-08-18 20:49:47.277327,26
1131,2023-08-18 21:04:47.277327,36
1132,2023-08-18 21:19:47.277327,22
1133,2023-08-18 21:34:47.277327,23
1134,2023-08-18 21:49:47.277327,22
1135,2023-08-18 22:04:47.277327,32
1136,2023-08-18 22:19:47.277327,21
1137,2023-08-18 22:34:47.277327,34
1138,2023-08-18 22:49:47.277327,40
1139,2023-08-18 23:04:47.277327,25
1140,2023-08-18 23:19:47.277327,38
1141,2023-08-18 23:34:47.277327,36
1142,2023-08-18 23:49:47.277327,21
1143,2023-08-19 00:04:47.277327,45
1144,2023-08-19 00:19:47.277327,42
1145,2023-08-19 00:34:47.277327,30
1146,2023-08-19 00:49:47.277327,30
1147,2023-08-19 01:04:47.277327,23
1148,2023-08-19 01:19:47.277327,27
1149,2023-08-19 01:34:47.277327,40
1150,2023-08-19 01:49:47.277327,29
1151,2023-08-19 02:04:47.277327,27
1152,2023-08-19 02:19:47.277327,44
1153,2023-08-19 02:34:47.277327,45
1154,2023-08-19 02:49:47.277327,36
1155,2023-08-19 03:04:47.277327,29
1156,2023-08-19 03:19:47.277327,25
1157,2023-08-19 03:34:47.277327,36
1158,2023-08-19 03:49:47.277327,31
1159,2023-08-19 04:04:47.277327,29
1160,2023-08-19 04:19:47.277327,21
1161,2023-08-19 04:34:47.277327,43
1162,2023-08-19 04:49:47.277327,39
1163,2023-08-19 05:04:47.277327,41
1164,2023-08-19 05:19:47.277327,31
1165,2023-08-19 05:34:47.277327,32
1166,2023-08-19 05:49:47.277327,42
1167,2023-08-19 06:04:47.277327,41
1168,2023-08-19 06:19:47.277327,30
1169,2023-08-19 06:34:47.277327,35
1170,2023-08-19 06:49:47.277327,32
1171,2023-08-19 07:04:47.277327,22
1172,2023-08-19 07:19:47.277327,34
1173,2023-08-19 07:34:47.277327,37
1174,2023-08-19 07:49:47.277327,39
1175,2023-08-19 08:04:47.277327,36
1176,2023-08-19 08:19:47.277327,41
1177,2023-08-19 08:34:47.277327,20
1178,2023-08-19 08:49:47.277327,45
1179,2023-08-19 09:04:47.277327,37
1180,2023-08-19 09:19:47.277327,27
1181,2023-08-19 09:34:47.277327,42
1182,2023-08-19 09:49:47.277327,28
1183,2023-08-19 10:04:47.277327,30
1184,2023-08-19 10:19:47.277327,33
1185,2023-08-19 10:34:47.277327,24
1186,2023-08-19 10:49:47.277327,22
1187,2023-08-19 11:04:47.277327,42
1188,2023-08-19 11:19:47.277327,44
1189,2023-08-19 11:34:47.277327,41
1190,2023-08-19 11:49:47.277327,35
1191,2023-08-19 12:04:47.277327,37
1192,2023-08-19 12:19:47.277327,23
1193,2023-08-19 12:34:47.277327,34
1194,2023-08-19 12:49:47.277327,22
1195,2023-08-19 13:04:47.277327,27
1196,2023-08-19 13:19:47.277327,39
1197,2023-08-19 13:34:47.277327,43
1198,2023-08-19 13:49:47.277327,28
1199,2023-08-19 14:04:47.277327,32
1200,2023-08-19 14:19:47.277327,26
1201,2023-08-19 14:34:47.277327,42
1202,2023-08-19 14:49:47.277327,22
1203,2023-08-19 15:04:47.277327,29
1204,2023-08-19 15:19:47.277327,36
1205,2023-08-19 15:34:47.277327,23
1206,2023-08-19 15:49:47.277327,37
1207,2023-08-19 16:04:47.277327,38
1208,2023-08-19 16:19:47.277327,35
1209,2023-08-19 16:34:47.277327,39
1210,2023-08-19 16:49:47.277327,35
1211,2023-08-19 17:04:47.277327,24
1212,2023-08-19 17:19:47.277327,20
1213,2023-08-19 17:34:47.277327,27
1214,2023-08-19 17:49:47.277327,36
1215,2023-08-19 18:04:47.277327,27
1216,2023-08-19 18:19:47.277327,29
1217,2023-08-19 18:34:47.277327,40
1218,2023-08-19 18:49:47.277327,25
1219,2023-08-19 19:04:47.277327,25
1220,2023-08-19 19:19:47.277327,38
1221,2023-08-19 19:34:47.277327,34
1222,2023-08-19 19:49:47.277327,39
1223,2023-08-19 20:04:47.277327,44
1224,2023-08-19 20:19:47.277327,43
1225,2023-08-19 20:34:47.277327,30
1226,2023-08-19 20:49:47.277327,37
1227,2023-08-19 21:04:47.277327,27
1228,2023-08-19 21:19:47.277327,44
1229,2023-08-19 21:34:47.277327,26
1230,2023-08-19 21:49:47.277327,41
1231,2023-08-19 22:04:47.277327,35
1232,2023-08-19 22:19:47.277327,33
1233,2023-08-19 22:34:47.277327,43
1234,2023-08-19 22:49:47.277327,38
1235,2023-08-19 23:04:47.277327,36
1236,2023-08-19 23:19:47.277327,42
1237,2023-08-19 23:34:47.277327,27
1238,2023-08-19 23:49:47.277327,42
1239,2023-08-20 00:04:47.277327,25
1240,2023-08-20 00:19:47.277327,38
1241,2023-08-20 00:34:47.277327,35
1242,2023-08-20 00:49:47.277327,40
1243,2023-08-20 01:04:47.277327,30
1244,2023-08-20 01:19:47.277327,22
1245,2023-08-20 01:34:47.277327,45
1246,2023-08-20 01:49:47.277327,33
1247,2023-08-20 02:04:47.277327,26
1248,2023-08-20 02:19:47.277327,41
1249,2023-08-20 02:34:47.277327,23
1250,2023-08-20 02:49:47.277327,43
1251,2023-08-20 03:04:47.277327,45
1252,2023-08-20 03:19:47.277327,30
1253,2023-08-20 03:34:47.277327,29
1254,2023-08-20 03:49:47.277327,44
1255,2023-08-20 04:04:47.277327,29
1256,2023-08-20 04:19:47.277327,23
1257,2023-08-20 04:34:47.277327,43
1258,2023-08-20 04:49:47.277327,38
1259,2023-08-20 05:04:47.277327,28
1260,2023-08-20 05:19:47.277327,28
1261,2023-08-20 05:34:47.277327,43
1262,2023-08-20 05:49:47.277327,37
1263,2023-08-20 06:04:47.277327,41
1264,2023-08-20 06:19:47.277327,23
1265,2023-08-20 06:34:47.277327,44
1266,2023-08-20 06:49:47.277327,36
1267,2023-08-20 07:04:47.277327,37
1268,2023-08-20 07:19:47.277327,28
1269,2023-08-20 07:34:47.277327,24
1270,2023-08-20 07:49:47.277327,43
1271,2023-08-20 08:04:47.277327,28
1272,2023-08-20 08:19:47.277327,30
1273,2023-08-20 08:34:47.277327,21
1274,2023-08-20 08:49:47.277327,32
1275,2023-08-20 09:04:47.277327,28
1276,2023-08-20 09:19:47.277327,36
1277,2023-08-20 09:34:47.277327,26
1278,2023-08-20 09:49:47.277327,42
1279,2023-08-20 10:04:47.277327,20
1280,2023-08-20 10:19:47.277327,35
1281,2023-08-20 10:34:47.277327,40
1282,2023-08-20 10:49:47.277327,40
1283,2023-08-20 11:04:47.277327,37
1284,2023-08-20 11:19:47.277327,33
1285,2023-08-20 11:34:47.277327,45
1286,2023-08-20 11:49:47.277327,31
1287,2023-08-20 12:04:47.277327,31
1288,2023-08-20 12:19:47.277327,28
1289,2023-08-20 12:34:47.277327,38
1290,2023-08-20 12:49:47.277327,35
1291,2023-08-20 13:04:47.277327,44
1292,2023-08-20 13:19:47.277327,36
1293,2023-08-20 13:34:47.277327,42
1294,2023-08-20 13:49:47.277327,28
1295,2023-08-20 14:04:47.277327,45
1296,2023-08-20 14:19:47.277327,20
1297,2023-08-20 14:34:47.277327,27
1298,2023-08-20 14:49:47.277327,33
1299,2023-08-20 15:04:47.277327,22
1300,2023-08-20 15:19:47.277327,40
1301,2023-08-20 15:34:47.277327,35
1302,2023-08-20 15:49:47.277327,34
1303,2023-08-20 16:04:47.277327,22
1304,2023-08-20 16:19:47.277327,43
1305,2023-08-20 16:34:47.277327,33
1306,2023-08-20 16:49:47.277327,39
1307,2023-08-20 17:04:47.277327,36
1308,2023-08-20 17:19:47.277327,35
1309,2023-08-20 17:34:47.277327,28
1310,2023-08-20 17:49:47.277327,28
1311,2023-08-20 18:04:47.277327,39
1312,2023-08-20 18:19:47.277327,25
1313,2023-08-20 18:34:47.277327,42
1314,2023-08-20 18:49:47.277327,23
1315,2023-08-20 19:04:47.277327,37
1316,2023-08-20 19:19:47.277327,27
1317,2023-08-20 19:34:47.277327,41
1318,2023-08-20 19:49:47.277327,21
1319,2023-08-20 20:04:47.277327,38
1320,2023-08-20 20:19:47.277327,26
1321,2023-08-20 20:34:47.277327,32
1322,2023-08-20 20:49:47.277327,31
1323,2023-08-20 21:04:47.277327,41
1324,2023-08-20 21:19:47.277327,42
1325,2023-08-20 21:34:47.277327,44
1326,2023-08-20 21:49:47.277327,32
1327,2023-08-20 22:04:47.277327,37
1328,2023-08-20 22:19:47.277327,22
1329,2023-08-20 22:34:47.277327,23
1330,2023-08-20 22:49:47.277327,21
1331,2023-08-20 23:04:47.277327,21
1332,2023-08-20 23:19:47.277327,25
1333,2023-08-20 23:34:47.277327,22
1334,2023-08-20 23:49:47.277327,32
1335,2023-08-21 00:04:47.277327,33
1336,2023-08-21 00:19:47.277327,40
1337,2023-08-21 00:34:47.277327,42
1338,2023-08-21 00:49:47.277327,23
1339,2023-08-21 01:04:47.277327,24
1340,2023-08-21 01:19:47.277327,21
1341,2023-08-21 01:34:47.277327,43
1342,2023-08-21 01:49:47.277327,27
1343,2023-08-21 02:04:47.277327,30
1344,2023-08-21 02:19:47.277327,39
1345,2023-08-21 02:34:47.277327,34
1346,2023-08-21 02:49:47.277327,37
1347,2023-08-21 03:04:47.277327,26
1348,2023-08-21 03:19:47.277327,27
1349,2023-08-21 03:34:47.277327,42
1350,2023-08-21 03:49:47.277327,28
1351,2023-08-21 04:04:47.277327,31
1352,2023-08-21 04:19:47.277327,34
1353,2023-08-21 04:34:47.277327,30
1354,2023-08-21 04:49:47.277327,29
1355,2023-08-21 05:04:47.277327,41
1356,2023-08-21 05:19:47.277327,38
1357,2023-08-21 05:34:47.277327,40
1358,2023-08-21 05:49:47.277327,23
1359,2023-08-21 06:04:47.277327,44
1360,2023-08-21 06:19:47.277327,38
1361,2023-08-21 06:34:47.277327,43
1362,2023-08-21 06:49:47.277327,31
1363,2023-08-21 07:04:47.277327,30
1364,2023-08-21 07:19:47.277327,20
1365,2023-08-21 07:34:47.277327,21
1366,2023-08-21 07:49:47.277327,27
1367,2023-08-21 08:04:47.277327,36
1368,2023-08-21 08:19:47.277327,32
1369,2023-08-21 08:34:47.277327,28
1370,2023-08-21 08:49:47.277327,43
1371,2023-08-21 09:04:47.277327,33
1372,2023-08-21 09:19:47.277327,44
1373,2023-08-21 09:34:47.277327,43
1374,2023-08-21 09:49:47.277327,23
1375,2023-08-21 10:04:47.277327,33
1376,2023-08-21 10:19:47.277327,41
1377,2023-08-21 10:34:47.277327,38
1378,2023-08-21 10:49:47.277327,34
1379,2023-08-21 11:04:47.277327,22
1380,2023-08-21 11:19:47.277327,28
1381,2023-08-21 11:34:47.277327,26
1382,2023-08-21 11:49:47.277327,26
1383,2023-08-21 12:04:47.277327,25
1384,2023-08-21 12:19:47.277327,36
1385,2023-08-21 12:34:47.277327,36
1386,2023-08-21 12:49:47.277327,35
1387,2023-08-21 13:04:47.277327,41
1388,2023-08-21 13:19:47.277327,44
1389,2023-08-21 13:34:47.277327,39
1390,2023-08-21 13:49:47.277327,27
1391,2023-08-21 14:04:47.277327,25
1392,2023-08-21 14:19:47.277327,32
1393,2023-08-21 14:34:47.277327,39
1394,2023-08-21 14:49:47.277327,25
1395,2023-08-21 15:04:47.277327,27
1396,2023-08-21 15:19:47.277327,32
1397,2023-08-21 15:34:47.277327,44
1398,2023-08-21 15:49:47.277327,26
1399,2023-08-21 16:04:47.277327,27
1400,2023-08-21 16:19:47.277327,32
1401,2023-08-21 16:34:47.277327,25
1402,2023-08-21 16:49:47.277327,31
1403,2023-08-21 17:04:47.277327,44
1404,2023-08-21 17:19:47.277327,42
1405,2023-08-21 17:34:47.277327,45
1406,2023-08-21 17:49:47.277327,22
1407,2023-08-21 18:04:47.277327,25
1408,2023-08-21 18:19:47.277327,30
1409,2023-08-21 18:34:47.277327,21
1410,2023-08-21 18:49:47.277327,22
1411,2023-08-21 19:04:47.277327,42
1412,2023-08-21 19:19:47.277327,39
1413,2023-08-21 19:34:47.277327,25
1414,2023-08-21 19:49:47.277327,42
1415,2023-08-21 20:04:47.277327,27
1416,2023-08-21 20:19:47.277327,21
1417,2023-08-21 20:34:47.277327,22
1418,2023-08-21 20:49:47.277327,35
1419,2023-08-21 21:04:47.277327,42
1420,2023-08-21 21:19:47.277327,37
1421,2023-08-21 21:34:47.277327,26
1422,2023-08-21 21:49:47.277327,28
1423,2023-08-21 22:04:47.277327,43
1424,2023-08-21 22:19:47.277327,29
1425,2023-08-21 22:34:47.277327,25
1426,2023-08-21 22:49:47.277327,33
1427,2023-08-21 23:04:47.277327,31
1428,2023-08-21 23:19:47.277327,36
1429,2023-08-21 23:34:47.277327,24
1430,2023-08-21 23:49:47.277327,41
1431,2023-08-22 00:04:47.277327,26
1432,2023-08-22 00:19:47.277327,42
1433,2023-08-22 00:34:47.277327,26
1434,2023-08-22 00:49:47.277327,23
1435,2023-08-22 01:04:47.277327,23
1436,2023-08-22 01:19:47.277327,35
1437,2023-08-22 01:34:47.277327,37
1438,2023-08-22 01:49:47.277327,42
1439,2023-08-22 02:04:47.277327,36
1440,2023-08-22 02:19:47.277327,45
1441,2023-08-22 02:34:47.277327,41
1442,2023-08-22 02:49:47.277327,24
1443,2023-08-22 03:04:47.277327,42
1444,2023-08-22 03:19:47.277327,32
1445,2023-08-22 03:34:47.277327,26
1446,2023-08-22 03:49:47.277327,38
1447,2023-08-22 04:04:47.277327,30
1448,2023-08-22 04:19:47.277327,28
1449,2023-08-22 04:34:47.277327,31
1450,2023-08-22 04:49:47.277327,43
1451,2023-08-22 05:04:47.277327,23
1452,2023-08-22 05:19:47.277327,29
1453,2023-08-22 05:34:47.277327,29
1454,2023-08-22 05:49:47.277327,36
1455,2023-08-22 06:04:47.277327,24
1456,2023-08-22 06:19:47.277327,38
1457,2023-08-22 06:34:47.277327,33
1458,2023-08-22 06:49:47.277327,39
1459,2023-08-22 07:04:47.277327,45
1460,2023-08-22 07:19:47.277327,24
1461,2023-08-22 07:34:47.277327,43
1462,2023-08-22 07:49:47.277327,31
1463,2023-08-22 08:04:47.277327,24
1464,2023-08-22 08:19:47.277327,44
1465,2023-08-22 08:34:47.277327,28
1466,2023-08-22 08:49:47.277327,26
1467,2023-08-22 09:04:47.277327,40
1468,2023-08-22 09:19:47.277327,23
1469,2023-08-22 09:34:47.277327,37
1470,2023-08-22 09:49:47.277327,36
1471,2023-08-22 10:04:47.277327,32
1472,2023-08-22 10:19:47.277327,34
1473,2023-08-22 10:34:47.277327,20
1474,2023-08-22 10:49:47.277327,30
1475,2023-08-22 11:04:47.277327,25
1476,2023-08-22 11:19:47.277327,43
1477,2023-08-22 11:34:47.277327,31
1478,2023-08-22 11:49:47.277327,20
1479,2023-08-22 12:04:47.277327,26
1480,2023-08-22 12:19:47.277327,45
1481,2023-08-22 12:34:47.277327,45
1482,2023-08-22 12:49:47.277327,41
1483,2023-08-22 13:04:47.277327,28
1484,2023-08-22 13:19:47.277327,43
1485,2023-08-22 13:34:47.277327,20
1486,2023-08-22 13:49:47.277327,20
1487,2023-08-22 14:04:47.277327,24
1488,2023-08-22 14:19:47.277327,25
1489,2023-08-22 14:34:47.277327,43
1490,2023-08-22 14:49:47.277327,22
1491,2023-08-22 15:04:47.277327,30
1492,2023-08-22 15:19:47.277327,40
1493,2023-08-22 15:34:47.277327,21
1494,2023-08-22 15:49:47.277327,37
1495,2023-08-22 16:04:47.277327,27
1496,2023-08-22 16:19:47.277327,38
1497,2023-08-22 16:34:47.277327,39
1498,2023-08-22 16:49:47.277327,38
1499,2023-08-22 17:04:47.277327,31
1500,2023-08-22 17:19:47.277327,39
1501,2023-08-22 17:34:47.277327,28
1502,2023-08-22 17:49:47.277327,28
1503,2023-08-22 18:04:47.277327,33
1504,2023-08-22 18:19:47.277327,30
1505,2023-08-22 18:34:47.277327,28
1506,2023-08-22 18:49:47.277327,28
1507,2023-08-22 19:04:47.277327,31
1508,2023-08-22 19:19:47.277327,29
1509,2023-08-22 19:34:47.277327,38
1510,2023-08-22 19:49:47.277327,41
1511,2023-08-22 20:04:47.277327,38
1512,2023-08-22 20:19:47.277327,37
1513,2023-08-22 20:34:47.277327,22
1514,2023-08-22 20:49:47.277327,44
1515,2023-08-22 21:04:47.277327,35
1516,2023-08-22 21:19:47.277327,20
1517,2023-08-22 21:34:47.277327,39
1518,2023-08-22 21:49:47.277327,21
1519,2023-08-22 22:04:47.277327,32
1520,2023-08-22 22:19:47.277327,45
1521,2023-08-22 22:34:47.277327,27
1522,2023-08-22 22:49:47.277327,45
1523,2023-08-22 23:04:47.277327,38
1524,2023-08-22 23:19:47.277327,25
1525,2023-08-22 23:34:47.277327,35
1526,2023-08-22 23:49:47.277327,31
1527,2023-08-23 00:04:47.277327,40
1528,2023-08-23 00:19:47.277327,20
1529,2023-08-23 00:34:47.277327,42
1530,2023-08-23 00:49:47.277327,22
1531,2023-08-23 01:04:47.277327,41
1532,2023-08-23 01:19:47.277327,40
1533,2023-08-23 01:34:47.277327,22
1534,2023-08-23 01:49:47.277327,26
1535,2023-08-23 02:04:47.277327,28
1536,2023-08-23 02:19:47.277327,34
1537,2023-08-23 02:34:47.277327,28
1538,2023-08-23 02:49:47.277327,25
1539,2023-08-23 03:04:47.277327,20
1540,2023-08-23 03:19:47.277327,38
1541,2023-08-23 03:34:47.277327,26
1542,2023-08-23 03:49:47.277327,27
1543,2023-08-23 04:04:47.277327,34
1544,2023-08-23 04:19:47.277327,20
1545,2023-08-23 04:34:47.277327,27
1546,2023-08-23 04:49:47.277327,38
1547,2023-08-23 05:04:47.277327,22
1548,2023-08-23 05:19:47.277327,20
1549,2023-08-23 05:34:47.277327,41
1550,2023-08-23 05:49:47.277327,32
1551,2023-08-23 06:04:47.277327,28
1552,2023-08-23 06:19:47.277327,44
1553,2023-08-23 06:34:47.277327,24
1554,2023-08-23 06:49:47.277327,21
1555,2023-08-23 07:04:47.277327,23
1556,2023-08-23 07:19:47.277327,25
1557,2023-08-23 07:34:47.277327,23
1558,2023-08-23 07:49:47.277327,21
1559,2023-08-23 08:04:47.277327,37
1560,2023-08-23 08:19:47.277327,23
1561,2023-08-23 08:34:47.277327,39
1562,2023-08-23 08:49:47.277327,25
1563,2023-08-23 09:04:47.277327,38
1564,2023-08-23 09:19:47.277327,28
1565,2023-08-23 09:34:47.277327,25
1566,2023-08-23 09:49:47.277327,26
1567,2023-08-23 10:04:47.277327,29
1568,2023-08-23 10:19:47.277327,31
1569,2023-08-23 10:34:47.277327,29
1570,2023-08-23 10:49:47.277327,27
1571,2023-08-23 11:04:47.277327,39
1572,2023-08-23 11:19:47.277327,21
1573,2023-08-23 11:34:47.277327,32
1574,2023-08-23 11:49:47.277327,25
1575,2023-08-23 12:04:47.277327,40
1576,2023-08-23 12:19:47.277327,40
1577,2023-08-23 12:34:47.277327,22
1578,2023-08-23 12:49:47.277327,33
1579,2023-08-23 13:04:47.277327,29
1580,2023-08-23 13:19:47.277327,40
1581,2023-08-23 13:34:47.277327,45
1582,2023-08-23 13:49:47.277327,42
1583,2023-08-23 14:04:47.277327,30
1584,2023-08-23 14:19:47.277327,40
1585,2023-08-23 14:34:47.277327,21
1586,2023-08-23 14:49:47.277327,23
1587,2023-08-23 15:04:47.277327,27
1588,2023-08-23 15:19:47.277327,43
1589,2023-08-23 15:34:47.277327,34
1590,2023-08-23 15:49:47.277327,33
1591,2023-08-23 16:04:47.277327,38
1592,2023-08-23 16:19:47.277327,39
1593,2023-08-23 16:34:47.277327,34
1594,2023-08-23 16:49:47.277327,34
1595,2023-08-23 17:04:47.277327,26
1596,2023-08-23 17:19:47.277327,24
1597,2023-08-23 17:34:47.277327,36
1598,2023-08-23 17:49:47.277327,30
1599,2023-08-23 18:04:47.277327,30
1600,2023-08-23 18:19:47.277327,33
1601,2023-08-23 18:34:47.277327,38
1602,2023-08-23 18:49:47.277327,29
1603,2023-08-23 19:04:47.277327,24
1604,2023-08-23 19:19:47.277327,36
1605,2023-08-23 19:34:47.277327,36
1606,2023-08-23 19:49:47.277327,45
1607,2023-08-23 20:04:47.277327,38
1608,2023-08-23 20:19:47.277327,44
1609,2023-08-23 20:34:47.277327,22
1610,2023-08-23 20:49:47.277327,45
1611,2023-08-23 21:04:47.277327,42
1612,2023-08-23 21:19:47.277327,29
1613,2023-08-23 21:34:47.277327,39
1614,2023-08-23 21:49:47.277327,33
1615,2023-08-23 22:04:47.277327,44
1616,2023-08-23 22:19:47.277327,26
1617,2023-08-23 22:34:47.277327,21
1618,2023-08-23 22:49:47.277327,41
1619,2023-08-23 23:04:47.277327,26
1620,2023-08-23 23:19:47.277327,20
1621,2023-08-23 23:34:47.277327,22
1622,2023-08-23 23:49:47.277327,23
1623,2023-08-24 00:04:47.277327,43
1624,2023-08-24 00:19:47.277327,39
1625,2023-08-24 00:34:47.277327,24
1626,2023-08-24 00:49:47.277327,33
1627,2023-08-24 01:04:47.277327,33
1628,2023-08-24 01:19:47.277327,21
1629,2023-08-24 01:34:47.277327,38
1630,2023-08-24 01:49:47.277327,39
1631,2023-08-24 02:04:47.277327,43
1632,2023-08-24 02:19:47.277327,30
1633,2023-08-24 02:34:47.277327,25
1634,2023-08-24 02:49:47.277327,24
1635,2023-08-24 03:04:47.277327,25
1636,2023-08-24 03:19:47.277327,41
1637,2023-08-24 03:34:47.277327,24
1638,2023-08-24 03:49:47.277327,30
1639,2023-08-24 04:04:47.277327,44
1640,2023-08-24 04:19:47.277327,31
1641,2023-08-24 04:34:47.277327,40
1642,2023-08-24 04:49:47.277327,21
1643,2023-08-24 05:04:47.277327,45
1644,2023-08-24 05:19:47.277327,27
1645,2023-08-24 05:34:47.277327,21
1646,2023-08-24 05:49:47.277327,26
1647,2023-08-24 06:04:47.277327,29
1648,2023-08-24 06:19:47.277327,44
1649,2023-08-24 06:34:47.277327,43
1650,2023-08-24 06:49:47.277327,29
1651,2023-08-24 07:04:47.277327,41
1652,2023-08-24 07:19:47.277327,38
1653,2023-08-24 07:34:47.277327,25
1654,2023-08-24 07:49:47.277327,43
1655,2023-08-24 08:04:47.277327,43
1656,2023-08-24 08:19:47.277327,42
1657,2023-08-24 08:34:47.277327,31
1658,2023-08-24 08:49:47.277327,28
1659,2023-08-24 09:04:47.277327,43
1660,2023-08-24 09:19:47.277327,44
1661,2023-08-24 09:34:47.277327,41
1662,2023-08-24 09:49:47.277327,43
1663,2023-08-24 10:04:47.277327,22
1664,2023-08-24 10:19:47.277327,26
1665,2023-08-24 10:34:47.277327,42
1666,2023-08-24 10:49:47.277327,45
1667,2023-08-24 11:04:47.277327,44
1668,2023-08-24 11:19:47.277327,32
1669,2023-08-24 11:34:47.277327,29
1670,2023-08-24 11:49:47.277327,38
1671,2023-08-24 12:04:47.277327,39
1672,2023-08-24 12:19:47.277327,42
1673,2023-08-24 12:34:47.277327,37
1674,2023-08-24 12:49:47.277327,27
1675,2023-08-24 13:04:47.277327,21
1676,2023-08-24 13:19:47.277327,26
1677,2023-08-24 13:34:47.277327,43
1678,2023-08-24 13:49:47.277327,34
1679,2023-08-24 14:04:47.277327,28
1680,2023-08-24 14:19:47.277327,20
1681,2023-08-24 14:34:47.277327,42
1682,2023-08-24 14:49:47.277327,35
1683,2023-08-24 15:04:47.277327,28
1684,2023-08-24 15:19:47.277327,33
1685,2023-08-24 15:34:47.277327,39
1686,2023-08-24 15:49:47.277327,31
1687,2023-08-24 16:04:47.277327,40
1688,2023-08-24 16:19:47.277327,25
1689,2023-08-24 16:34:47.277327,30
1690,2023-08-24 16:49:47.277327,32
1691,2023-08-24 17:04:47.277327,40
1692,2023-08-24 17:19:47.277327,45
1693,2023-08-24 17:34:47.277327,42
1694,2023-08-24 17:49:47.277327,37
1695,2023-08-24 18:04:47.277327,31
1696,2023-08-24 18:19:47.277327,26
1697,2023-08-24 18:34:47.277327,27
1698,2023-08-24 18:49:47.277327,37
1699,2023-08-24 19:04:47.277327,42
1700,2023-08-24 19:19:47.277327,35
1701,2023-08-24 19:34:47.277327,36
1702,2023-08-24 19:49:47.277327,32
1703,2023-08-24 20:04:47.277327,43
1704,2023-08-24 20:19:47.277327,38
1705,2023-08-24 20:34:47.277327,26
1706,2023-08-24 20:49:47.277327,25
1707,2023-08-24 21:04:47.277327,27
1708,2023-08-24 21:19:47.277327,28
1709,2023-08-24 21:34:47.277327,28
1710,2023-08-24 21:49:47.277327,22
1711,2023-08-24 22:04:47.277327,33
1712,2023-08-24 22:19:47.277327,38
1713,2023-08-24 22:34:47.277327,30
1714,2023-08-24 22:49:47.277327,42
1715,2023-08-24 23:04:47.277327,44
1716,2023-08-24 23:19:47.277327,21
1717,2023-08-24 23:34:47.277327,37
1718,2023-08-24 23:49:47.277327,41
1719,2023-08-25 00:04:47.277327,27
1720,2023-08-25 00:19:47.277327,45
1721,2023-08-25 00:34:47.277327,34
1722,2023-08-25 00:49:47.277327,38
1723,2023-08-25 01:04:47.277327,21
1724,2023-08-25 01:19:47.277327,41
1725,2023-08-25 01:34:47.277327,20
1726,2023-08-25 01:49:47.277327,33
1727,2023-08-25 02:04:47.277327,36
1728,2023-08-25 02:19:47.277327,36
1729,2023-08-25 02:34:47.277327,42
1730,2023-08-25 02:49:47.277327,32
1731,2023-08-25 03:04:47.277327,42
1732,2023-08-25 03:19:47.277327,35
1733,2023-08-25 03:34:47.277327,26
1734,2023-08-25 03:49:47.277327,40
1735,2023-08-25 04:04:47.277327,39
1736,2023-08-25 04:19:47.277327,40
1737,2023-08-25 04:34:47.277327,45
1738,2023-08-25 04:49:47.277327,39
1739,2023-08-25 05:04:47.277327,37
1740,2023-08-25 05:19:47.277327,24
1741,2023-08-25 05:34:47.277327,20
1742,2023-08-25 05:49:47.277327,28
1743,2023-08-25 06:04:47.277327,37
1744,2023-08-25 06:19:47.277327,40
1745,2023-08-25 06:34:47.277327,40
1746,2023-08-25 06:49:47.277327,39
1747,2023-08-25 07:04:47.277327,21
1748,2023-08-25 07:19:47.277327,32
1749,2023-08-25 07:34:47.277327,30
1750,2023-08-25 07:49:47.277327,42
1751,2023-08-25 08:04:47.277327,37
1752,2023-08-25 08:19:47.277327,40
1753,2023-08-25 08:34:47.277327,31
1754,2023-08-25 08:49:47.277327,27
1755,2023-08-25 09:04:47.277327,40
1756,2023-08-25 09:19:47.277327,22
1757,2023-08-25 09:34:47.277327,36
1758,2023-08-25 09:49:47.277327,27
1759,2023-08-25 10:04:47.277327,38
1760,2023-08-25 10:19:47.277327,39
1761,2023-08-25 10:34:47.277327,36
1762,2023-08-25 10:49:47.277327,22
1763,2023-08-25 11:04:47.277327,30
1764,2023-08-25 11:19:47.277327,44
1765,2023-08-25 11:34:47.277327,37
1766,2023-08-25 11:49:47.277327,24
1767,2023-08-25 12:04:47.277327,39
1768,2023-08-25 12:19:47.277327,28
1769,2023-08-25 12:34:47.277327,40
1770,2023-08-25 12:49:47.277327,41
1771,2023-08-25 13:04:47.277327,45
1772,2023-08-25 13:19:47.277327,32
1773,2023-08-25 13:34:47.277327,31
1774,2023-08-25 13:49:47.277327,43
1775,2023-08-25 14:04:47.277327,26
1776,2023-08-25 14:19:47.277327,32
1777,2023-08-25 14:34:47.277327,31
1778,2023-08-25 14:49:47.277327,32
1779,2023-08-25 15:04:47.277327,33
1780,2023-08-25 15:19:47.277327,33
1781,2023-08-25 15:34:47.277327,21
1782,2023-08-25 15:49:47.277327,29
1783,2023-08-25 16:04:47.277327,23
1784,2023-08-25 16:19:47.277327,42
1785,2023-08-25 16:34:47.277327,28
1786,2023-08-25 16:49:47.277327,21
1787,2023-08-25 17:04:47.277327,36
1788,2023-08-25 17:19:47.277327,37
1789,2023-08-25 17:34:47.277327,39
1790,2023-08-25 17:49:47.277327,29
1791,2023-08-25 18:04:47.277327,22
1792,2023-08-25 18:19:47.277327,39
1793,2023-08-25 18:34:47.277327,28
1794,2023-08-25 18:49:47.277327,34
1795,2023-08-25 19:04:47.277327,34
1796,2023-08-25 19:19:47.277327,33
1797,2023-08-25 19:34:47.277327,35
1798,2023-08-25 19:49:47.277327,20
1799,2023-08-25 20:04:47.277327,32
1800,2023-08-25 20:19:47.277327,28
1801,2023-08-25 20:34:47.277327,30
1802,2023-08-25 20:49:47.277327,39
1803,2023-08-25 21:04:47.277327,29
1804,2023-08-25 21:19:47.277327,27
1805,2023-08-25 21:34:47.277327,41
1806,2023-08-25 21:49:47.277327,39
1807,2023-08-25 22:04:47.277327,20
1808,2023-08-25 22:19:47.277327,39
1809,2023-08-25 22:34:47.277327,31
1810,2023-08-25 22:49:47.277327,31
1811,2023-08-25 23:04:47.277327,30
1812,2023-08-25 23:19:47.277327,38
1813,2023-08-25 23:34:47.277327,34
1814,2023-08-25 23:49:47.277327,34
1815,2023-08-26 00:04:47.277327,25
1816,2023-08-26 00:19:47.277327,25
1817,2023-08-26 00:34:47.277327,28
1818,2023-08-26 00:49:47.277327,26
1819,2023-08-26 01:04:47.277327,39
1820,2023-08-26 01:19:47.277327,45
1821,2023-08-26 01:34:47.277327,21
1822,2023-08-26 01:49:47.277327,25
1823,2023-08-26 02:04:47.277327,39
1824,2023-08-26 02:19:47.277327,36
1825,2023-08-26 02:34:47.277327,25
1826,2023-08-26 02:49:47.277327,32
1827,2023-08-26 03:04:47.277327,36
1828,2023-08-26 03:19:47.277327,32
1829,2023-08-26 03:34:47.277327,37
1830,2023-08-26 03:49:47.277327,43
1831,2023-08-26 04:04:47.277327,26
1832,2023-08-26 04:19:47.277327,29
1833,2023-08-26 04:34:47.277327,29
1834,2023-08-26 04:49:47.277327,40
1835,2023-08-26 05:04:47.277327,25
1836,2023-08-26 05:19:47.277327,24
1837,2023-08-26 05:34:47.277327,26
1838,2023-08-26 05:49:47.277327,45
1839,2023-08-26 06:04:47.277327,43
1840,2023-08-26 06:19:47.277327,30
1841,2023-08-26 06:34:47.277327,33
1842,2023-08-26 06:49:47.277327,27
1843,2023-08-26 07:04:47.277327,27
1844,2023-08-26 07:19:47.277327,45
1845,2023-08-26 07:34:47.277327,20
1846,2023-08-26 07:49:47.277327,30
1847,2023-08-26 08:04:47.277327,24
1848,2023-08-26 08:19:47.277327,29
1849,2023-08-26 08:34:47.277327,32
1850,2023-08-26 08:49:47.277327,34
1851,2023-08-26 09:04:47.277327,40
1852,2023-08-26 09:19:47.277327,36
1853,2023-08-26 09:34:47.277327,22
1854,2023-08-26 09:49:47.277327,37
1855,2023-08-26 10:04:47.277327,21
1856,2023-08-26 10:19:47.277327,36
1857,2023-08-26 10:34:47.277327,43
1858,2023-08-26 10:49:47.277327,45
1859,2023-08-26 11:04:47.277327,32
1860,2023-08-26 11:19:47.277327,23
1861,2023-08-26 11:34:47.277327,39
1862,2023-08-26 11:49:47.277327,27
1863,2023-08-26 12:04:47.277327,28
1864,2023-08-26 12:19:47.277327,33
1865,2023-08-26 12:34:47.277327,28
1866,2023-08-26 12:49:47.277327,22
1867,2023-08-26 13:04:47.277327,37
1868,2023-08-26 13:19:47.277327,29
1869,2023-08-26 13:34:47.277327,44
1870,2023-08-26 13:49:47.277327,33
1871,2023-08-26 14:04:47.277327,44
1872,2023-08-26 14:19:47.277327,40
1873,2023-08-26 14:34:47.277327,30
1874,2023-08-26 14:49:47.277327,43
1875,2023-08-26 15:04:47.277327,45
1876,2023-08-26 15:19:47.277327,30
1877,2023-08-26 15:34:47.277327,23
1878,2023-08-26 15:49:47.277327,23
1879,2023-08-26 16:04:47.277327,33
1880,2023-08-26 16:19:47.277327,37
1881,2023-08-26 16:34:47.277327,38
1882,2023-08-26 16:49:47.277327,38
1883,2023-08-26 17:04:47.277327,22
1884,2023-08-26 17:19:47.277327,24
1885,2023-08-26 17:34:47.277327,33
1886,2023-08-26 17:49:47.277327,24
1887,2023-08-26 18:04:47.277327,36
1888,2023-08-26 18:19:47.277327,32
1889,2023-08-26 18:34:47.277327,31
1890,2023-08-26 18:49:47.277327,31
1891,2023-08-26 19:04:47.277327,28
1892,2023-08-26 19:19:47.277327,29
1893,2023-08-26 19:34:47.277327,28
1894,2023-08-26 19:49:47.277327,44
1895,2023-08-26 20:04:47.277327,32
1896,2023-08-26 20:19:47.277327,33
1897,2023-08-26 20:34:47.277327,39
1898,2023-08-26 20:49:47.277327,33
1899,2023-08-26 21:04:47.277327,28
1900,2023-08-26 21:19:47.277327,37
1901,2023-08-26 21:34:47.277327,37
1902,2023-08-26 21:49:47.277327,39
1903,2023-08-26 22:04:47.277327,37
1904,2023-08-26 22:19:47.277327,37
1905,2023-08-26 22:34:47.277327,30
1906,2023-08-26 22:49:47.277327,20
1907,2023-08-26 23:04:47.277327,33
1908,2023-08-26 23:19:47.277327,41
1909,2023-08-26 23:34:47.277327,44
1910,2023-08-26 23:49:47.277327,37
1911,2023-08-27 00:04:47.277327,36
1912,2023-08-27 00:19:47.277327,35
1913,2023-08-27 00:34:47.277327,44
1914,2023-08-27 00:49:47.277327,24
1915,2023-08-27 01:04:47.277327,32
1916,2023-08-27 01:19:47.277327,29
1917,2023-08-27 01:34:47.277327,36
1918,2023-08-27 01:49:47.277327,32
1919,2023-08-27 02:04:47.277327,20
1920,2023-08-27 02:19:47.277327,36
1921,2023-08-27 02:34:47.277327,36
1922,2023-08-27 02:49:47.277327,41
1923,2023-08-27 03:04:47.277327,37
1924,2023-08-27 03:19:47.277327,41
1925,2023-08-27 03:34:47.277327,39
1926,2023-08-27 03:49:47.277327,40
1927,2023-08-27 04:04:47.277327,31
1928,2023-08-27 04:19:47.277327,37
1929,2023-08-27 04:34:47.277327,22
1930,2023-08-27 04:49:47.277327,44
1931,2023-08-27 05:04:47.277327,41
1932,2023-08-27 05:19:47.277327,32
1933,2023-08-27 05:34:47.277327,31
1934,2023-08-27 05:49:47.277327,22
1935,2023-08-27 06:04:47.277327,39
1936,2023-08-27 06:19:47.277327,39
1937,2023-08-27 06:34:47.277327,39
1938,2023-08-27 06:49:47.277327,24
1939,2023-08-27 07:04:47.277327,26
1940,2023-08-27 07:19:47.277327,24
1941,2023-08-27 07:34:47.277327,45
1942,2023-08-27 07:49:47.277327,35
1943,2023-08-27 08:04:47.277327,43
1944,2023-08-27 08:19:47.277327,40
1945,2023-08-27 08:34:47.277327,22
1946,2023-08-27 08:49:47.277327,26
1947,2023-08-27 09:04:47.277327,32
1948,2023-08-27 09:19:47.277327,37
1949,2023-08-27 09:34:47.277327,42
1950,2023-08-27 09:49:47.277327,28
1951,2023-08-27 10:04:47.277327,43
1952,2023-08-27 10:19:47.277327,32
1953,2023-08-27 10:34:47.277327,36
1954,2023-08-27 10:49:47.277327,27
1955,2023-08-27 11:04:47.277327,41
1956,2023-08-27 11:19:47.277327,28
1957,2023-08-27 11:34:47.277327,42
1958,2023-08-27 11:49:47.277327,20
1959,2023-08-27 12:04:47.277327,40
1960,2023-08-27 12:19:47.277327,29
1961,2023-08-27 12:34:47.277327,33
1962,2023-08-27 12:49:47.277327,41
1963,2023-08-27 13:04:47.277327,32
1964,2023-08-27 13:19:47.277327,35
1965,2023-08-27 13:34:47.277327,21
1966,2023-08-27 13:49:47.277327,45
1967,2023-08-27 14:04:47.277327,23
1968,2023-08-27 14:19:47.277327,39
1969,2023-08-27 14:34:47.277327,41
1970,2023-08-27 14:49:47.277327,32
1971,2023-08-27 15:04:47.277327,38
1972,2023-08-27 15:19:47.277327,30
1973,2023-08-27 15:34:47.277327,42
1974,2023-08-27 15:49:47.277327,31
1975,2023-08-27 16:04:47.277327,45
1976,2023-08-27 16:19:47.277327,41
1977,2023-08-27 16:34:47.277327,36
1978,2023-08-27 16:49:47.277327,43
1979,2023-08-27 17:04:47.277327,23
1980,2023-08-27 17:19:47.277327,41
1981,2023-08-27 17:34:47.277327,37
1982,2023-08-27 17:49:47.277327,30
1983,2023-08-27 18:04:47.277327,28
1984,2023-08-27 18:19:47.277327,29
1985,2023-08-27 18:34:47.277327,27
1986,2023-08-27 18:49:47.277327,24
1987,2023-08-27 19:04:47.277327,25
1988,2023-08-27 19:19:47.277327,39
1989,2023-08-27 19:34:47.277327,39
1990,2023-08-27 19:49:47.277327,20
1991,2023-08-27 20:04:47.277327,25
1992,2023-08-27 20:19:47.277327,23
1993,2023-08-27 20:34:47.277327,25
1994,2023-08-27 20:49:47.277327,44
1995,2023-08-27 21:04:47.277327,28
1996,2023-08-27 21:19:47.277327,38
1997,2023-08-27 21:34:47.277327,32
1998,2023-08-27 21:49:47.277327,38
1999,2023-08-27 22:04:47.277327,23
2000,2023-08-27 22:19:47.277327,32
2001,2023-08-27 22:34:47.277327,24
2002,2023-08-27 22:49:47.277327,26
2003,2023-08-27 23:04:47.277327,38
2004,2023-08-27 23:19:47.277327,35
2005,2023-08-27 23:34:47.277327,45
2006,2023-08-27 23:49:47.277327,21
2007,2023-08-28 00:04:47.277327,26
2008,2023-08-28 00:19:47.277327,33
2009,2023-08-28 00:34:47.277327,25
2010,2023-08-28 00:49:47.277327,23
2011,2023-08-28 01:04:47.277327,37
2012,2023-08-28 01:19:47.277327,38
2013,2023-08-28 01:34:47.277327,44
2014,2023-08-28 01:49:47.277327,34
2015,2023-08-28 02:04:47.277327,40
2016,2023-08-28 02:19:47.277327,42
2017,2023-08-28 02:34:47.277327,37
2018,2023-08-28 02:49:47.277327,33
2019,2023-08-28 03:04:47.277327,32
2020,2023-08-28 03:19:47.277327,39
2021,2023-08-28 03:34:47.277327,33
2022,2023-08-28 03:49:47.277327,33
2023,2023-08-28 04:04:47.277327,28
2024,2023-08-28 04:19:47.277327,38
2025,2023-08-28 04:34:47.277327,22
2026,2023-08-28 04:49:47.277327,20
2027,2023-08-28 05:04:47.277327,34
2028,2023-08-28 05:19:47.277327,26
2029,2023-08-28 05:34:47.277327,23
2030,2023-08-28 05:49:47.277327,44
2031,2023-08-28 06:04:47.277327,44
2032,2023-08-28 06:19:47.277327,29
2033,2023-08-28 06:34:47.277327,22
2034,2023-08-28 06:49:47.277327,40
2035,2023-08-28 07:04:47.277327,37
2036,2023-08-28 07:19:47.277327,31
2037,2023-08-28 07:34:47.277327,39
2038,2023-08-28 07:49:47.277327,31
2039,2023-08-28 08:04:47.277327,42
2040,2023-08-28 08:19:47.277327,22
2041,2023-08-28 08:34:47.277327,27
2042,2023-08-28 08:49:47.277327,25
2043,2023-08-28 09:04:47.277327,41
2044,2023-08-28 09:19:47.277327,43
2045,2023-08-28 09:34:47.277327,40
2046,2023-08-28 09:49:47.277327,34
2047,2023-08-28 10:04:47.277327,35
2048,2023-08-28 10:19:47.277327,22
2049,2023-08-28 10:34:47.277327,23
2050,2023-08-28 10:49:47.277327,38
2051,2023-08-28 11:04:47.277327,31
2052,2023-08-28 11:19:47.277327,45
2053,2023-08-28 11:34:47.277327,27
2054,2023-08-28 11:49:47.277327,37
2055,2023-08-28 12:04:47.277327,32
2056,2023-08-28 12:19:47.277327,25
2057,2023-08-28 12:34:47.277327,43
2058,2023-08-28 12:49:47.277327,39
2059,2023-08-28 13:04:47.277327,30
2060,2023-08-28 13:19:47.277327,32
2061,2023-08-28 13:34:47.277327,44
2062,2023-08-28 13:49:47.277327,22
2063,2023-08-28 14:04:47.277327,20
2064,2023-08-28 14:19:47.277327,43
2065,2023-08-28 14:34:47.277327,41
2066,2023-08-28 14:49:47.277327,45
2067,2023-08-28 15:04:47.277327,22
2068,2023-08-28 15:19:47.277327,40
2069,2023-08-28 15:34:47.277327,23
2070,2023-08-28 15:49:47.277327,21
2071,2023-08-28 16:04:47.277327,43
2072,2023-08-28 16:19:47.277327,27
2073,2023-08-28 16:34:47.277327,34
2074,2023-08-28 16:49:47.277327,39
2075,2023-08-28 17:04:47.277327,31
2076,2023-08-28 17:19:47.277327,27
2077,2023-08-28 17:34:47.277327,43
2078,2023-08-28 17:49:47.277327,32
2079,2023-08-28 18:04:47.277327,35
2080,2023-08-28 18:19:47.277327,41
2081,2023-08-28 18:34:47.277327,45
2082,2023-08-28 18:49:47.277327,33
2083,2023-08-28 19:04:47.277327,33
2084,2023-08-28 19:19:47.277327,41
2085,2023-08-28 19:34:47.277327,26
2086,2023-08-28 19:49:47.277327,23
2087,2023-08-28 20:04:47.277327,36
2088,2023-08-28 20:19:47.277327,38
2089,2023-08-28 20:34:47.277327,45
2090,2023-08-28 20:49:47.277327,31
2091,2023-08-28 21:04:47.277327,27
2092,2023-08-28 21:19:47.277327,41
2093,2023-08-28 21:34:47.277327,22
2094,2023-08-28 21:49:47.277327,37
2095,2023-08-28 22:04:47.277327,30
2096,2023-08-28 22:19:47.277327,21
2097,2023-08-28 22:34:47.277327,32
2098,2023-08-28 22:49:47.277327,34
2099,2023-08-28 23:04:47.277327,24
2100,2023-08-28 23:19:47.277327,21
2101,2023-08-28 23:34:47.277327,27
2102,2023-08-28 23:49:47.277327,39
2103,2023-08-29 00:04:47.277327,26
2104,2023-08-29 00:19:47.277327,25
2105,2023-08-29 00:34:47.277327,36
2106,2023-08-29 00:49:47.277327,36
2107,2023-08-29 01:04:47.277327,20
2108,2023-08-29 01:19:47.277327,44
2109,2023-08-29 01:34:47.277327,32
2110,2023-08-29 01:49:47.277327,43
2111,2023-08-29 02:04:47.277327,42
2112,2023-08-29 02:19:47.277327,28
2113,2023-08-29 02:34:47.277327,23
2114,2023-08-29 02:49:47.277327,28
2115,2023-08-29 03:04:47.277327,26
2116,2023-08-29 03:19:47.277327,23
2117,2023-08-29 03:34:47.277327,27
2118,2023-08-29 03:49:47.277327,45
2119,2023-08-29 04:04:47.277327,41
2120,2023-08-29 04:19:47.277327,27
2121,2023-08-29 04:34:47.277327,44
2122,2023-08-29 04:49:47.277327,44
2123,2023-08-29 05:04:47.277327,41
2124,2023-08-29 05:19:47.277327,34
2125,2023-08-29 05:34:47.277327,22
2126,2023-08-29 05:49:47.277327,35
2127,2023-08-29 06:04:47.277327,26
2128,2023-08-29 06:19:47.277327,37
2129,2023-08-29 06:34:47.277327,36
2130,2023-08-29 06:49:47.277327,34
2131,2023-08-29 07:04:47.277327,33
2132,2023-08-29 07:19:47.277327,26
2133,2023-08-29 07:34:47.277327,31
2134,2023-08-29 07:49:47.277327,25
2135,2023-08-29 08:04:47.277327,36
2136,2023-08-29 08:19:47.277327,24
2137,2023-08-29 08:34:47.277327,23
2138,2023-08-29 08:49:47.277327,30
2139,2023-08-29 09:04:47.277327,24
2140,2023-08-29 09:19:47.277327,22
2141,2023-08-29 09:34:47.277327,28
2142,2023-08-29 09:49:47.277327,44
2143,2023-08-29 10:04:47.277327,41
2144,2023-08-29 10:19:47.277327,33
2145,2023-08-29 10:34:47.277327,21
2146,2023-08-29 10:49:47.277327,45
2147,2023-08-29 11:04:47.277327,35
2148,2023-08-29 11:19:47.277327,27
2149,2023-08-29 11:34:47.277327,39
2150,2023-08-29 11:49:47.277327,43
2151,2023-08-29 12:04:47.277327,40
2152,2023-08-29 12:19:47.277327,45
2153,2023-08-29 12:34:47.277327,31
2154,2023-08-29 12:49:47.277327,36
2155,2023-08-29 13:04:47.277327,20
2156,2023-08-29 13:19:47.277327,36
2157,2023-08-29 13:34:47.277327,33
2158,2023-08-29 13:49:47.277327,33
2159,2023-08-29 14:04:47.277327,32
2160,2023-08-29 14:19:47.277327,26
2161,2023-08-29 14:34:47.277327,20
2162,2023-08-29 14:49:47.277327,40
2163,2023-08-29 15:04:47.277327,42
2164,2023-08-29 15:19:47.277327,38
2165,2023-08-29 15:34:47.277327,20
2166,2023-08-29 15:49:47.277327,41
2167,2023-08-29 16:04:47.277327,20
2168,2023-08-29 16:19:47.277327,44
2169,2023-08-29 16:34:47.277327,38
2170,2023-08-29 16:49:47.277327,27
2171,2023-08-29 17:04:47.277327,33
2172,2023-08-29 17:19:47.277327,34
2173,2023-08-29 17:34:47.277327,31
2174,2023-08-29 17:49:47.277327,27
2175,2023-08-29 18:04:47.277327,25
2176,2023-08-29 18:19:47.277327,39
2177,2023-08-29 18:34:47.277327,32
2178,2023-08-29 18:49:47.277327,29
2179,2023-08-29 19:04:47.277327,44
2180,2023-08-29 19:19:47.277327,39
2181,2023-08-29 19:34:47.277327,32
2182,2023-08-29 19:49:47.277327,45
2183,2023-08-29 20:04:47.277327,28
2184,2023-08-29 20:19:47.277327,25
2185,2023-08-29 20:34:47.277327,42
2186,2023-08-29 20:49:47.277327,43
2187,2023-08-29 21:04:47.277327,33
2188,2023-08-29 21:19:47.277327,41
2189,2023-08-29 21:34:47.277327,45
2190,2023-08-29 21:49:47.277327,42
2191,2023-08-29 22:04:47.277327,40
2192,2023-08-29 22:19:47.277327,45
2193,2023-08-29 22:34:47.277327,33
2194,2023-08-29 22:49:47.277327,29
2195,2023-08-29 23:04:47.277327,36
2196,2023-08-29 23:19:47.277327,20
2197,2023-08-29 23:34:47.277327,25
2198,2023-08-29 23:49:47.277327,26
2199,2023-08-30 00:04:47.277327,22
